organisationunitid,organisationunitname,organisationunitcode,organisationunitdescription,2009 Total birth in EmONC facilities,2010 Total birth in EmONC facilities,2011 Total birth in EmONC facilities,2012 Total birth in EmONC facilities,2013 Total birth in EmONC facilities,2014 Total birth in EmONC facilities,2015 Total birth in EmONC facilities,2016 Total birth in EmONC facilities,2017 Total birth in EmONC facilities,2018 Total birth in EmONC facilities
mykF7AaZv9R,Barisal,10,,,189.0,30043.0,30390.0,32959.0,34285.0,28307.0,39589.0,47997.0,44850.0
JhD8UE2rL3c,Chittagong,20,,38.0,886.0,62390.0,107405.0,111487.0,98753.0,107818.0,134803.0,150276.0,105753.0
pF3sVE7tZdk,Dhaka,30,,404.0,467.0,85180.0,162504.0,139360.0,139446.0,187570.0,226569.0,260582.0,261482.0
Gm10pkyQc1y,Khulna,40,,409.0,3333.0,57388.0,91134.0,93870.0,93311.0,99362.0,102072.0,109881.0,117461.0
R1GAfTe6Mkb,Mymensingh,45,,,167.0,26765.0,40103.0,42485.0,45869.0,52601.0,55625.0,59745.0,57189.0
Y7Hx8L3Jw51,Rajshahi,50,,29.0,2074.0,74167.0,94197.0,91928.0,88303.0,77778.0,96245.0,98247.0,108479.0
US3ov01KbUz,Rangpur,55,,376.0,1707.0,63545.0,91642.0,91274.0,76649.0,82692.0,87882.0,91449.0,100499.0
PL5pZp4u3MV,Sylhet,60,,27.0,694.0,23942.0,43149.0,45179.0,38640.0,41785.0,52084.0,53633.0,56682.0
