Data,Organisation unit,Value
BCG given (0-11m).Female,Narsingdi Sadar Upazila,7656.0
MR given 15-18m.Female,Damudya Upazila,1341.0
MR given 15-18m.Male,Boalmari Upazila,3084.0
MR given 15-18m.Male,Raipura Upazila,7317.0
MR given 15-18m.Female,Serajdikhan Upazila,3103.0
MR given 15-18m.Female,Manohardi Upazila,3837.0
BCG given (0-11m).Female,Dhamrai Upazila,5325.0
BCG given (0-11m).Male,Serajdikhan Upazila,3319.0
BCG given (0-11m).Female,Nagarkanda Upazila,4669.0
BCG given (0-11m).Female,Belabo Upazila,2338.0
MR given 15-18m.Female,Shariatpur Sadar Upazila,1883.0
MR given 15-18m.Male,Goalanda Ghat Upazila,1354.0
BCG given (0-11m).Male,Nawabganj Upazila,4244.0
BCG given (0-11m).Female,Pakundia Upazila,3503.0
BCG given (0-11m).Male,Kotalipara Upazila,2673.0
MR given 15-18m.Male,Ghatail Upazila,4300.0
BCG given (0-11m).Female,Shibpur Upazila,3677.0
BCG given (0-11m).Female,Saturia Upazila,2029.0
MR given 15-18m.Female,Kalihati Upazila,5180.0
BCG given (0-11m).Male,Kalukhali Upazila,1814.0
BCG given (0-11m).Male,Harirampur Upazila,1755.0
MR given 15-18m.Female,Nawabganj Upazila,4083.0
BCG given (0-11m).Female,Naria Upazila,2774.0
BCG given (0-11m).Female,Austagram Upazila,2796.0
MR given 15-18m.Female,Harirampur Upazila,1695.0
MR given 15-18m.Female,Palash Upazila,2706.0
BCG given (0-11m).Male,Bandar Upazila,2120.0
BCG given (0-11m).Male,Manohardi Upazila,4147.0
MR given 15-18m.Female,Char Bhadrasan Upazila,954.0
MR given 15-18m.Female,Kalukhali Upazila,1763.0
MR given 15-18m.Male,Faridpur Sadar Upazila,3455.0
BCG given (0-11m).Male,Shariatpur Sadar Upazila,1965.0
BCG given (0-11m).Female,Itna Upazila,2957.0
MR given 15-18m.Male,Dhanbari Upzila,1970.0
BCG given (0-11m).Female,Madhupur Upazila,2581.0
BCG given (0-11m).Male,Kalihati Upazila,5386.0
BCG given (0-11m).Male,Damudya Upazila,1443.0
MR given 15-18m.Male,Dohar Upazila,3366.0
BCG given (0-11m).Male,Keraniganj Upazila,11786.0
MR given 15-18m.Female,Gosairhat Upazila,2060.0
BCG given (0-11m).Female,Manikganj Sadar Upazila,2771.0
BCG given (0-11m).Male,Gopalganj Sadar Upazila,3234.0
BCG given (0-11m).Female,Zanzira Upazila,2398.0
MR given 15-18m.Male,Katiadi Upazila,4319.0
MR given 15-18m.Female,Keraniganj Upazila,11450.0
BCG given (0-11m).Female,Narayanganj Sadar Upazila,13767.0
BCG given (0-11m).Female,Kapasia Upazila,3951.0
MR given 15-18m.Female,Sreepur Upazila,8366.0
MR given 15-18m.Female,Modhukhali Upazila,2707.0
MR given 15-18m.Female,Sreenagar Upazila,2911.0
BCG given (0-11m).Male,Nagarpur Upazila,3479.0
MR given 15-18m.Male,Kuliar Char Upazila,2355.0
MR given 15-18m.Female,Gopalganj Sadar Upazila,2934.0
BCG given (0-11m).Female,Basail Upazila,1826.0
BCG given (0-11m).Female,Tongibari Upazila,2327.0
BCG given (0-11m).Female,Kaliganj GZ Upazila,2971.0
BCG given (0-11m).Male,Palash Upazila,2919.0
MR given 15-18m.Male,Bhariab Upazila,2891.0
MR given 15-18m.Female,Sadarpur Upazila,2481.0
MR given 15-18m.Male,Kalkini Upazila,3261.0
BCG given (0-11m).Female,Mirzapur Upazila,4833.0
BCG given (0-11m).Male,Dohar Upazila,3446.0
MR given 15-18m.Female,Sakhipur Upazila,3199.0
BCG given (0-11m).Male,Gazipur Sadar Upazila,18389.0
BCG given (0-11m).Male,Hossainpur Upazila,2755.0
MR given 15-18m.Female,Zanzira Upazila,2400.0
BCG given (0-11m).Male,Char Bhadrasan Upazila,1169.0
BCG given (0-11m).Female,Gopalganj Sadar Upazila,2967.0
MR given 15-18m.Female,Tangail Sadar Upazila,3407.0
BCG given (0-11m).Female,Delduar Upazila,1972.0
BCG given (0-11m).Female,Baliakandi Upazila,2548.0
MR given 15-18m.Female,Tongibari Upazila,2255.0
MR given 15-18m.Female,Bhuapur Upazila,2135.0
BCG given (0-11m).Male,Alfadanga Upazila,1558.0
BCG given (0-11m).Female,Shib Char Upazila,4468.0
MR given 15-18m.Female,Bhedarganj Upazila,3250.0
MR given 15-18m.Male,Rajbari Sadar Upazila,3198.0
MR given 15-18m.Male,Nagarpur Upazila,3436.0
BCG given (0-11m).Female,Katiadi Upazila,4180.0
BCG given (0-11m).Female,Munshiganj Sadar Upazila,3533.0
BCG given (0-11m).Female,Rupganj Upazila,6804.0
MR given 15-18m.Female,Kapasia Upazila,3808.0
BCG given (0-11m).Female,Shibalaya Upazila,1938.0
BCG given (0-11m).Female,Modhukhali Upazila,2788.0
MR given 15-18m.Female,Mithamain Upazila,1871.0
MR given 15-18m.Female,Kotalipara Upazila,2370.0
MR given 15-18m.Male,Muksudpur Upazila,3895.0
BCG given (0-11m).Male,Mirzapur Upazila,5005.0
MR given 15-18m.Male,Daulatpur MG Upazila,2218.0
MR given 15-18m.Male,Harirampur Upazila,1681.0
BCG given (0-11m).Female,Bhariab Upazila,2743.0
BCG given (0-11m).Female,Sadarpur Upazila,2506.0
MR given 15-18m.Male,Nawabganj Upazila,4135.0
BCG given (0-11m).Female,Sakhipur Upazila,3415.0
BCG given (0-11m).Female,Shariatpur Sadar Upazila,1883.0
BCG given (0-11m).Female,Kuliar Char Upazila,2526.0
BCG given (0-11m).Female,Bhanga Upazila,3736.0
MR given 15-18m.Male,Serajdikhan Upazila,3344.0
MR given 15-18m.Male,Basail Upazila,1905.0
BCG given (0-11m).Male,Karimganj Upazila,4556.0
BCG given (0-11m).Female,Pangsha Upazila,2737.0
MR given 15-18m.Female,Dhamrai Upazila,5278.0
BCG given (0-11m).Male,Tongibari Upazila,2517.0
BCG given (0-11m).Male,Boalmari Upazila,3217.0
MR given 15-18m.Male,Kaliganj GZ Upazila,3155.0
BCG given (0-11m).Female,Keraniganj Upazila,11833.0
BCG given (0-11m).Female,Bhuapur Upazila,2278.0
BCG given (0-11m).Male,Kalkini Upazila,3432.0
BCG given (0-11m).Male,Narsingdi Sadar Upazila,7938.0
BCG given (0-11m).Male,Kishoreganj Sadar Upazila,4444.0
MR given 15-18m.Female,Tarail Upazila,2638.0
MR given 15-18m.Male,Kotalipara Upazila,2556.0
MR given 15-18m.Male,Sreepur Upazila,8890.0
BCG given (0-11m).Male,Dhanbari Upzila,1949.0
MR given 15-18m.Male,Baliakandi Upazila,2697.0
MR given 15-18m.Female,Itna Upazila,3011.0
MR given 15-18m.Male,Bajitpur Upazila,2947.0
BCG given (0-11m).Female,Palash Upazila,2800.0
MR given 15-18m.Female,Kalkini Upazila,3064.0
BCG given (0-11m).Male,Modhukhali Upazila,2844.0
MR given 15-18m.Male,Munshiganj Sadar Upazila,3669.0
MR given 15-18m.Male,Singair Upazila,3886.0
MR given 15-18m.Female,Madhupur Upazila,2516.0
BCG given (0-11m).Male,Faridpur Sadar Upazila,3907.0
BCG given (0-11m).Male,Savar Upazila,16472.0
BCG given (0-11m).Female,Rajbari Sadar Upazila,3089.0
MR given 15-18m.Female,Lohajang Upazila,2088.0
MR given 15-18m.Female,Nagarkanda Upazila,4180.0
MR given 15-18m.Male,Manohardi Upazila,4133.0
BCG given (0-11m).Female,Madaripur Sadar Upazila,3426.0
MR given 15-18m.Male,Kaliakair Upazila,7211.0
BCG given (0-11m).Female,Gosairhat Upazila,2207.0
MR given 15-18m.Female,Boalmari Upazila,3012.0
MR given 15-18m.Female,Nagarpur Upazila,3256.0
MR given 15-18m.Male,Savar Upazila,15903.0
MR given 15-18m.Female,Naria Upazila,2785.0
MR given 15-18m.Male,Shib Char Upazila,4450.0
MR given 15-18m.Female,Rajoir Upazila,2492.0
BCG given (0-11m).Male,Bajitpur Upazila,3025.0
BCG given (0-11m).Female,Hossainpur Upazila,2599.0
BCG given (0-11m).Male,Baliakandi Upazila,2772.0
MR given 15-18m.Male,Narsingdi Sadar Upazila,7712.0
BCG given (0-11m).Male,Nikli Upazila,2103.0
MR given 15-18m.Female,Gazaria Upazila,2029.0
BCG given (0-11m).Male,Sreepur Upazila,9121.0
MR given 15-18m.Male,Kishoreganj Sadar Upazila,4462.0
BCG given (0-11m).Female,Tarail Upazila,2684.0
MR given 15-18m.Male,Kashiani Upazila,2652.0
MR given 15-18m.Male,Sreenagar Upazila,3030.0
MR given 15-18m.Male,Bandar Upazila,2074.0
BCG given (0-11m).Female,Ghatail Upazila,4071.0
MR given 15-18m.Female,Sonargaon Upazila,5597.0
MR given 15-18m.Male,Tungipara Upazila,1360.0
MR given 15-18m.Male,Tangail Sadar Upazila,3479.0
MR given 15-18m.Female,Shibpur Upazila,3647.0
BCG given (0-11m).Female,Gopalpur Upazila,2266.0
BCG given (0-11m).Male,Tangail Sadar Upazila,3993.0
MR given 15-18m.Male,Nikli Upazila,2074.0
MR given 15-18m.Female,Hossainpur Upazila,2557.0
BCG given (0-11m).Female,Araihazar Upazila,5485.0
BCG given (0-11m).Male,Kaliganj GZ Upazila,3095.0
MR given 15-18m.Female,Ghatail Upazila,4139.0
BCG given (0-11m).Female,Ghior Upazila,1643.0
BCG given (0-11m).Female,Sonargaon Upazila,5735.0
MR given 15-18m.Female,Ghior Upazila,1649.0
MR given 15-18m.Female,Araihazar Upazila,5377.0
BCG given (0-11m).Male,Sreenagar Upazila,2975.0
MR given 15-18m.Female,Dohar Upazila,3324.0
BCG given (0-11m).Male,Kashiani Upazila,2844.0
BCG given (0-11m).Female,Dohar Upazila,3238.0
MR given 15-18m.Male,Zanzira Upazila,2510.0
MR given 15-18m.Female,Singair Upazila,3730.0
BCG given (0-11m).Male,Gopalpur Upazila,2304.0
BCG given (0-11m).Female,Kalkini Upazila,3170.0
BCG given (0-11m).Male,Munshiganj Sadar Upazila,3845.0
MR given 15-18m.Female,Tungipara Upazila,1335.0
MR given 15-18m.Male,Gazipur Sadar Upazila,17269.0
MR given 15-18m.Female,Gopalpur Upazila,2153.0
MR given 15-18m.Male,Itna Upazila,2922.0
BCG given (0-11m).Male,Tungipara Upazila,1594.0
MR given 15-18m.Female,Kaliakair Upazila,6915.0
BCG given (0-11m).Female,Rajoir Upazila,2561.0
MR given 15-18m.Male,Karimganj Upazila,4332.0
MR given 15-18m.Female,Kuliar Char Upazila,2387.0
BCG given (0-11m).Male,Ghior Upazila,1758.0
BCG given (0-11m).Male,Shib Char Upazila,4671.0
BCG given (0-11m).Male,Rajbari Sadar Upazila,3242.0
MR given 15-18m.Female,Bhariab Upazila,2688.0
MR given 15-18m.Female,Munshiganj Sadar Upazila,3602.0
MR given 15-18m.Male,Delduar Upazila,1935.0
MR given 15-18m.Female,Katiadi Upazila,4198.0
MR given 15-18m.Male,Alfadanga Upazila,1561.0
BCG given (0-11m).Male,Singair Upazila,4108.0
BCG given (0-11m).Female,Kishoreganj Sadar Upazila,4326.0
MR given 15-18m.Female,Kashiani Upazila,2551.0
BCG given (0-11m).Female,Gazaria Upazila,1995.0
MR given 15-18m.Female,Manikganj Sadar Upazila,2802.0
MR given 15-18m.Male,Mirzapur Upazila,4934.0
BCG given (0-11m).Male,Katiadi Upazila,4403.0
BCG given (0-11m).Male,Narayanganj Sadar Upazila,13691.0
BCG given (0-11m).Female,Lohajang Upazila,2066.0
MR given 15-18m.Male,Sonargaon Upazila,5932.0
BCG given (0-11m).Female,Sreenagar Upazila,2916.0
BCG given (0-11m).Female,Nagarpur Upazila,3296.0
MR given 15-18m.Male,Tongibari Upazila,2298.0
MR given 15-18m.Female,Pangsha Upazila,2704.0
BCG given (0-11m).Male,Kaliakair Upazila,7444.0
BCG given (0-11m).Male,Basail Upazila,1835.0
MR given 15-18m.Male,Modhukhali Upazila,2743.0
MR given 15-18m.Male,Shibalaya Upazila,2143.0
MR given 15-18m.Male,Kapasia Upazila,3938.0
MR given 15-18m.Female,Rajbari Sadar Upazila,3168.0
MR given 15-18m.Male,Araihazar Upazila,5667.0
BCG given (0-11m).Male,Saturia Upazila,2058.0
MR given 15-18m.Male,Shibpur Upazila,3922.0
BCG given (0-11m).Female,Kalukhali Upazila,1814.0
BCG given (0-11m).Female,Raipura Upazila,7034.0
MR given 15-18m.Female,Basail Upazila,1705.0
BCG given (0-11m).Female,Goalanda Ghat Upazila,1402.0
MR given 15-18m.Female,Rupganj Upazila,5747.0
MR given 15-18m.Male,Pakundia Upazila,3541.0
MR given 15-18m.Female,Kaliganj GZ Upazila,2905.0
MR given 15-18m.Female,Raipura Upazila,6725.0
BCG given (0-11m).Female,Boalmari Upazila,3265.0
MR given 15-18m.Female,Bhanga Upazila,3715.0
MR given 15-18m.Female,Goalanda Ghat Upazila,1262.0
MR given 15-18m.Male,Keraniganj Upazila,11555.0
MR given 15-18m.Male,Gopalganj Sadar Upazila,3126.0
MR given 15-18m.Male,Saturia Upazila,1994.0
MR given 15-18m.Female,Madaripur Sadar Upazila,3426.0
BCG given (0-11m).Male,Pakundia Upazila,3591.0
MR given 15-18m.Female,Austagram Upazila,2779.0
BCG given (0-11m).Male,Naria Upazila,2994.0
BCG given (0-11m).Female,Harirampur Upazila,1643.0
MR given 15-18m.Female,Narayanganj Sadar Upazila,12031.0
BCG given (0-11m).Male,Daulatpur MG Upazila,2341.0
BCG given (0-11m).Male,Manikganj Sadar Upazila,2804.0
BCG given (0-11m).Female,Damudya Upazila,1345.0
BCG given (0-11m).Male,Bhariab Upazila,2940.0
BCG given (0-11m).Female,Mithamain Upazila,2157.0
MR given 15-18m.Male,Naria Upazila,2878.0
BCG given (0-11m).Female,Kotalipara Upazila,2389.0
BCG given (0-11m).Male,Shibpur Upazila,4024.0
MR given 15-18m.Female,Shib Char Upazila,4333.0
MR given 15-18m.Female,Faridpur Sadar Upazila,3409.0
BCG given (0-11m).Male,Ghatail Upazila,4276.0
BCG given (0-11m).Male,Kuliar Char Upazila,2509.0
BCG given (0-11m).Female,Kalihati Upazila,5174.0
BCG given (0-11m).Female,Bhedarganj Upazila,3401.0
MR given 15-18m.Male,Belabo Upazila,2349.0
MR given 15-18m.Male,Palash Upazila,2967.0
MR given 15-18m.Female,Baliakandi Upazila,2520.0
BCG given (0-11m).Female,Sreepur Upazila,8482.0
BCG given (0-11m).Female,Faridpur Sadar Upazila,3766.0
MR given 15-18m.Male,Char Bhadrasan Upazila,1046.0
BCG given (0-11m).Male,Muksudpur Upazila,4308.0
BCG given (0-11m).Female,Manohardi Upazila,3877.0
MR given 15-18m.Male,Manikganj Sadar Upazila,2742.0
BCG given (0-11m).Female,Kashiani Upazila,2469.0
MR given 15-18m.Male,Narayanganj Sadar Upazila,12396.0
BCG given (0-11m).Male,Araihazar Upazila,5660.0
BCG given (0-11m).Female,Tangail Sadar Upazila,3884.0
MR given 15-18m.Female,Mirzapur Upazila,4725.0
MR given 15-18m.Male,Kalukhali Upazila,1817.0
MR given 15-18m.Female,Shibalaya Upazila,1739.0
BCG given (0-11m).Female,Char Bhadrasan Upazila,1101.0
BCG given (0-11m).Female,Bandar Upazila,1909.0
MR given 15-18m.Female,Delduar Upazila,1791.0
BCG given (0-11m).Male,Tarail Upazila,2678.0
BCG given (0-11m).Male,Rajoir Upazila,2847.0
BCG given (0-11m).Male,Lohajang Upazila,2174.0
MR given 15-18m.Male,Hossainpur Upazila,2813.0
MR given 15-18m.Female,Alfadanga Upazila,1555.0
BCG given (0-11m).Male,Belabo Upazila,2400.0
MR given 15-18m.Female,Narsingdi Sadar Upazila,7378.0
MR given 15-18m.Male,Kalihati Upazila,5385.0
MR given 15-18m.Male,Damudya Upazila,1336.0
MR given 15-18m.Male,Gopalpur Upazila,2134.0
BCG given (0-11m).Male,Kapasia Upazila,3932.0
BCG given (0-11m).Female,Serajdikhan Upazila,3112.0
MR given 15-18m.Female,Karimganj Upazila,4258.0
BCG given (0-11m).Male,Sonargaon Upazila,5951.0
MR given 15-18m.Male,Bhedarganj Upazila,3431.0
BCG given (0-11m).Male,Shibalaya Upazila,2125.0
MR given 15-18m.Male,Mithamain Upazila,2004.0
MR given 15-18m.Female,Kishoreganj Sadar Upazila,4255.0
MR given 15-18m.Male,Rupganj Upazila,6060.0
BCG given (0-11m).Male,Delduar Upazila,2108.0
MR given 15-18m.Female,Belabo Upazila,2260.0
MR given 15-18m.Male,Ghior Upazila,1695.0
MR given 15-18m.Female,Nikli Upazila,2005.0
BCG given (0-11m).Female,Muksudpur Upazila,4146.0
BCG given (0-11m).Female,Dhanbari Upzila,1952.0
MR given 15-18m.Female,Saturia Upazila,2038.0
BCG given (0-11m).Male,Pangsha Upazila,2913.0
MR given 15-18m.Male,Sakhipur Upazila,3654.0
MR given 15-18m.Male,Sadarpur Upazila,2508.0
MR given 15-18m.Male,Dhamrai Upazila,5458.0
BCG given (0-11m).Male,Bhuapur Upazila,2458.0
MR given 15-18m.Male,Madaripur Sadar Upazila,3536.0
BCG given (0-11m).Male,Gazaria Upazila,2156.0
BCG given (0-11m).Male,Rupganj Upazila,7091.0
BCG given (0-11m).Female,Gazipur Sadar Upazila,17634.0
BCG given (0-11m).Female,Daulatpur MG Upazila,2064.0
BCG given (0-11m).Female,Alfadanga Upazila,1563.0
BCG given (0-11m).Male,Nagarkanda Upazila,4713.0
MR given 15-18m.Male,Pangsha Upazila,2779.0
MR given 15-18m.Male,Nagarkanda Upazila,4339.0
BCG given (0-11m).Male,Bhedarganj Upazila,3501.0
BCG given (0-11m).Female,Nawabganj Upazila,3937.0
MR given 15-18m.Male,Shariatpur Sadar Upazila,1966.0
MR given 15-18m.Male,Bhuapur Upazila,2298.0
MR given 15-18m.Male,Gazaria Upazila,2157.0
MR given 15-18m.Female,Bandar Upazila,1843.0
BCG given (0-11m).Female,Karimganj Upazila,4195.0
MR given 15-18m.Female,Daulatpur MG Upazila,2121.0
BCG given (0-11m).Male,Mithamain Upazila,2214.0
MR given 15-18m.Female,Gazipur Sadar Upazila,16680.0
MR given 15-18m.Female,Bajitpur Upazila,2849.0
MR given 15-18m.Male,Bhanga Upazila,3884.0
BCG given (0-11m).Female,Nikli Upazila,2017.0
MR given 15-18m.Female,Muksudpur Upazila,3789.0
BCG given (0-11m).Male,Raipura Upazila,7363.0
MR given 15-18m.Female,Pakundia Upazila,3486.0
BCG given (0-11m).Male,Goalanda Ghat Upazila,1429.0
BCG given (0-11m).Female,Singair Upazila,3791.0
BCG given (0-11m).Female,Tungipara Upazila,1584.0
MR given 15-18m.Male,Austagram Upazila,2908.0
BCG given (0-11m).Male,Zanzira Upazila,2566.0
BCG given (0-11m).Female,Bajitpur Upazila,2878.0
MR given 15-18m.Male,Gosairhat Upazila,2071.0
MR given 15-18m.Female,Savar Upazila,15745.0
BCG given (0-11m).Male,Madhupur Upazila,2781.0
BCG given (0-11m).Male,Madaripur Sadar Upazila,3576.0
BCG given (0-11m).Male,Bhanga Upazila,3843.0
MR given 15-18m.Male,Rajoir Upazila,2759.0
MR given 15-18m.Female,Dhanbari Upzila,1871.0
BCG given (0-11m).Male,Itna Upazila,3005.0
MR given 15-18m.Male,Lohajang Upazila,2133.0
BCG given (0-11m).Female,Savar Upazila,16199.0
BCG given (0-11m).Male,Gosairhat Upazila,2191.0
MR given 15-18m.Male,Madhupur Upazila,2707.0
MR given 15-18m.Male,Tarail Upazila,2676.0
BCG given (0-11m).Male,Sadarpur Upazila,2498.0
BCG given (0-11m).Male,Austagram Upazila,2879.0
BCG given (0-11m).Female,Kaliakair Upazila,7007.0
BCG given (0-11m).Male,Dhamrai Upazila,5495.0
BCG given (0-11m).Male,Sakhipur Upazila,3686.0
