periodid,periodname,periodcode,perioddescription,IMCI Stunting (%) Barishal Division,IMCI Stunting (%) Chattogram Division,IMCI Stunting (%) Dhaka Division,IMCI Stunting (%) Khulna Division,IMCI Stunting (%) Mymensingh Division,IMCI Stunting (%) Rajshahi Division,IMCI Stunting (%) Rangpur Division,IMCI Stunting (%) Sylhet Division
201801,January 2018,201801,,5.7,2.0,1.5,1.4,1.4,1.4,2.7,1.3
201802,February 2018,201802,,5.0,1.7,1.5,1.4,1.7,1.5,2.5,0.8
201803,March 2018,201803,,3.9,1.9,1.1,1.5,1.2,1.4,2.6,1.1
201804,April 2018,201804,,5.1,1.9,1.4,1.5,1.2,1.5,2.6,0.93
201805,May 2018,201805,,6.3,1.5,1.4,1.6,1.5,1.7,2.2,1.0
201806,June 2018,201806,,4.6,1.9,1.5,1.3,1.2,1.4,2.1,0.9
201807,July 2018,201807,,6.2,1.6,1.4,1.2,1.6,1.6,2.1,0.77
201808,August 2018,201808,,5.9,1.7,1.7,1.1,1.6,1.3,1.9,0.79
201809,September 2018,201809,,6.0,1.5,1.6,1.2,1.5,1.4,2.5,0.68
201810,October 2018,201810,,4.7,1.4,1.3,1.2,1.4,1.2,1.5,0.83
201811,November 2018,201811,,3.8,1.1,1.5,1.2,1.4,1.3,1.4,0.91
201812,December 2018,201812,,4.0,1.3,1.4,1.0,1.6,1.3,1.7,0.83
