periodid,periodname,periodcode,perioddescription,organisationunitid,organisationunitname,organisationunitcode,organisationunitdescription,Total birth in EmONC facilities
2009,2009,2009,,mykF7AaZv9R,Barishal Division,10,,
2009,2009,2009,,JhD8UE2rL3c,Chattogram Division,20,,38.0
2009,2009,2009,,pF3sVE7tZdk,Dhaka Division,30,,404.0
2009,2009,2009,,Gm10pkyQc1y,Khulna Division,40,,409.0
2009,2009,2009,,R1GAfTe6Mkb,Mymensingh Division,45,,
2009,2009,2009,,Y7Hx8L3Jw51,Rajshahi Division,50,,29.0
2009,2009,2009,,US3ov01KbUz,Rangpur Division,55,,376.0
2009,2009,2009,,PL5pZp4u3MV,Sylhet Division,60,,27.0
2010,2010,2010,,mykF7AaZv9R,Barishal Division,10,,189.0
2010,2010,2010,,JhD8UE2rL3c,Chattogram Division,20,,886.0
2010,2010,2010,,pF3sVE7tZdk,Dhaka Division,30,,467.0
2010,2010,2010,,Gm10pkyQc1y,Khulna Division,40,,3333.0
2010,2010,2010,,R1GAfTe6Mkb,Mymensingh Division,45,,167.0
2010,2010,2010,,Y7Hx8L3Jw51,Rajshahi Division,50,,2074.0
2010,2010,2010,,US3ov01KbUz,Rangpur Division,55,,1707.0
2010,2010,2010,,PL5pZp4u3MV,Sylhet Division,60,,694.0
2011,2011,2011,,mykF7AaZv9R,Barishal Division,10,,30043.0
2011,2011,2011,,JhD8UE2rL3c,Chattogram Division,20,,62390.0
2011,2011,2011,,pF3sVE7tZdk,Dhaka Division,30,,85180.0
2011,2011,2011,,Gm10pkyQc1y,Khulna Division,40,,57388.0
2011,2011,2011,,R1GAfTe6Mkb,Mymensingh Division,45,,26765.0
2011,2011,2011,,Y7Hx8L3Jw51,Rajshahi Division,50,,74167.0
2011,2011,2011,,US3ov01KbUz,Rangpur Division,55,,63545.0
2011,2011,2011,,PL5pZp4u3MV,Sylhet Division,60,,23942.0
2012,2012,2012,,mykF7AaZv9R,Barishal Division,10,,30390.0
2012,2012,2012,,JhD8UE2rL3c,Chattogram Division,20,,107405.0
2012,2012,2012,,pF3sVE7tZdk,Dhaka Division,30,,162504.0
2012,2012,2012,,Gm10pkyQc1y,Khulna Division,40,,91134.0
2012,2012,2012,,R1GAfTe6Mkb,Mymensingh Division,45,,40103.0
2012,2012,2012,,Y7Hx8L3Jw51,Rajshahi Division,50,,94197.0
2012,2012,2012,,US3ov01KbUz,Rangpur Division,55,,91642.0
2012,2012,2012,,PL5pZp4u3MV,Sylhet Division,60,,43149.0
2013,2013,2013,,mykF7AaZv9R,Barishal Division,10,,32959.0
2013,2013,2013,,JhD8UE2rL3c,Chattogram Division,20,,111487.0
2013,2013,2013,,pF3sVE7tZdk,Dhaka Division,30,,139360.0
2013,2013,2013,,Gm10pkyQc1y,Khulna Division,40,,93870.0
2013,2013,2013,,R1GAfTe6Mkb,Mymensingh Division,45,,42485.0
2013,2013,2013,,Y7Hx8L3Jw51,Rajshahi Division,50,,91928.0
2013,2013,2013,,US3ov01KbUz,Rangpur Division,55,,91274.0
2013,2013,2013,,PL5pZp4u3MV,Sylhet Division,60,,45179.0
2014,2014,2014,,mykF7AaZv9R,Barishal Division,10,,34285.0
2014,2014,2014,,JhD8UE2rL3c,Chattogram Division,20,,98753.0
2014,2014,2014,,pF3sVE7tZdk,Dhaka Division,30,,139446.0
2014,2014,2014,,Gm10pkyQc1y,Khulna Division,40,,93311.0
2014,2014,2014,,R1GAfTe6Mkb,Mymensingh Division,45,,45869.0
2014,2014,2014,,Y7Hx8L3Jw51,Rajshahi Division,50,,88303.0
2014,2014,2014,,US3ov01KbUz,Rangpur Division,55,,76649.0
2014,2014,2014,,PL5pZp4u3MV,Sylhet Division,60,,38640.0
2015,2015,2015,,mykF7AaZv9R,Barishal Division,10,,28307.0
2015,2015,2015,,JhD8UE2rL3c,Chattogram Division,20,,107818.0
2015,2015,2015,,pF3sVE7tZdk,Dhaka Division,30,,187570.0
2015,2015,2015,,Gm10pkyQc1y,Khulna Division,40,,99362.0
2015,2015,2015,,R1GAfTe6Mkb,Mymensingh Division,45,,52601.0
2015,2015,2015,,Y7Hx8L3Jw51,Rajshahi Division,50,,77778.0
2015,2015,2015,,US3ov01KbUz,Rangpur Division,55,,82692.0
2015,2015,2015,,PL5pZp4u3MV,Sylhet Division,60,,41785.0
2016,2016,2016,,mykF7AaZv9R,Barishal Division,10,,39589.0
2016,2016,2016,,JhD8UE2rL3c,Chattogram Division,20,,134803.0
2016,2016,2016,,pF3sVE7tZdk,Dhaka Division,30,,226569.0
2016,2016,2016,,Gm10pkyQc1y,Khulna Division,40,,102072.0
2016,2016,2016,,R1GAfTe6Mkb,Mymensingh Division,45,,55625.0
2016,2016,2016,,Y7Hx8L3Jw51,Rajshahi Division,50,,96245.0
2016,2016,2016,,US3ov01KbUz,Rangpur Division,55,,87882.0
2016,2016,2016,,PL5pZp4u3MV,Sylhet Division,60,,52084.0
2017,2017,2017,,mykF7AaZv9R,Barishal Division,10,,47997.0
2017,2017,2017,,JhD8UE2rL3c,Chattogram Division,20,,150276.0
2017,2017,2017,,pF3sVE7tZdk,Dhaka Division,30,,260582.0
2017,2017,2017,,Gm10pkyQc1y,Khulna Division,40,,109881.0
2017,2017,2017,,R1GAfTe6Mkb,Mymensingh Division,45,,59745.0
2017,2017,2017,,Y7Hx8L3Jw51,Rajshahi Division,50,,98247.0
2017,2017,2017,,US3ov01KbUz,Rangpur Division,55,,91449.0
2017,2017,2017,,PL5pZp4u3MV,Sylhet Division,60,,53633.0
2018,2018,2018,,mykF7AaZv9R,Barishal Division,10,,44850.0
2018,2018,2018,,JhD8UE2rL3c,Chattogram Division,20,,105753.0
2018,2018,2018,,pF3sVE7tZdk,Dhaka Division,30,,261482.0
2018,2018,2018,,Gm10pkyQc1y,Khulna Division,40,,117461.0
2018,2018,2018,,R1GAfTe6Mkb,Mymensingh Division,45,,57189.0
2018,2018,2018,,Y7Hx8L3Jw51,Rajshahi Division,50,,108479.0
2018,2018,2018,,US3ov01KbUz,Rangpur Division,55,,100499.0
2018,2018,2018,,PL5pZp4u3MV,Sylhet Division,60,,56682.0
