Data,Period,Organisation unit,Value
No. of Live Births (LB),March 2018,Rajshahi Division,9006.0
No. of Live Births (LB),January 2018,Barishal Division,3800.0
No. of Live Births (LB),February 2018,Rajshahi Division,7725.0
No. of Live Births (LB),February 2018,Barishal Division,3556.0
No. of Live Births (LB),January 2018,Rajshahi Division,7414.0
No. of Live Births (LB),April 2018,Barishal Division,3316.0
No. of Live Births (LB),January 2018,Mymensingh Division,4854.0
No. of Live Births (LB),February 2018,Mymensingh Division,4211.0
No. of Live Births (LB),March 2018,Barishal Division,3796.0
No. of Live Births (LB),May 2018,Barishal Division,3918.0
No. of Live Births (LB),January 2018,Sylhet Division,4438.0
No. of Live Births (LB),March 2018,Mymensingh Division,4699.0
No. of Live Births (LB),April 2018,Mymensingh Division,4727.0
No. of Live Births (LB),October 2018,Chattogram Division,8578.0
No. of Live Births (LB),July 2018,Dhaka Division,17720.0
No. of Live Births (LB),September 2018,Khulna Division,10643.0
No. of Live Births (LB),February 2018,Sylhet Division,3698.0
No. of Live Births (LB),August 2018,Barishal Division,3767.0
No. of Live Births (LB),August 2018,Dhaka Division,22429.0
No. of Live Births (LB),July 2018,Barishal Division,3425.0
No. of Live Births (LB),June 2018,Barishal Division,3234.0
No. of Live Births (LB),November 2018,Chattogram Division,8731.0
No. of Live Births (LB),December 2018,Chattogram Division,7563.0
No. of Live Births (LB),September 2018,Dhaka Division,22488.0
No. of Live Births (LB),April 2018,Khulna Division,9620.0
No. of Live Births (LB),September 2018,Mymensingh Division,4443.0
No. of Live Births (LB),August 2018,Rangpur Division,8667.0
No. of Live Births (LB),September 2018,Rangpur Division,7816.0
No. of Live Births (LB),February 2018,Khulna Division,8325.0
No. of Live Births (LB),June 2018,Khulna Division,8949.0
No. of Live Births (LB),July 2018,Mymensingh Division,4215.0
No. of Live Births (LB),August 2018,Mymensingh Division,4626.0
No. of Live Births (LB),January 2018,Khulna Division,9180.0
No. of Live Births (LB),May 2018,Khulna Division,9932.0
No. of Live Births (LB),December 2018,Khulna Division,9157.0
No. of Live Births (LB),August 2018,Khulna Division,9876.0
No. of Live Births (LB),May 2018,Mymensingh Division,4248.0
No. of Live Births (LB),June 2018,Mymensingh Division,3910.0
No. of Live Births (LB),May 2018,Rangpur Division,7893.0
No. of Live Births (LB),September 2018,Barishal Division,3748.0
No. of Live Births (LB),November 2018,Khulna Division,10321.0
No. of Live Births (LB),June 2018,Dhaka Division,21163.0
No. of Live Births (LB),June 2018,Rangpur Division,7572.0
No. of Live Births (LB),July 2018,Rangpur Division,8608.0
No. of Live Births (LB),July 2018,Khulna Division,9422.0
No. of Live Births (LB),October 2018,Khulna Division,11039.0
No. of Live Births (LB),November 2018,Rangpur Division,8421.0
No. of Live Births (LB),April 2018,Dhaka Division,21071.0
No. of Live Births (LB),May 2018,Dhaka Division,23303.0
No. of Live Births (LB),January 2018,Rangpur Division,8282.0
No. of Live Births (LB),October 2018,Rangpur Division,8995.0
No. of Live Births (LB),December 2018,Rangpur Division,8784.0
No. of Live Births (LB),March 2018,Dhaka Division,20781.0
No. of Live Births (LB),November 2018,Dhaka Division,25342.0
No. of Live Births (LB),January 2018,Dhaka Division,23075.0
No. of Live Births (LB),April 2018,Rangpur Division,7866.0
No. of Live Births (LB),February 2018,Dhaka Division,17978.0
No. of Live Births (LB),February 2018,Rangpur Division,7329.0
No. of Live Births (LB),March 2018,Rangpur Division,8277.0
No. of Live Births (LB),December 2018,Dhaka Division,18907.0
No. of Live Births (LB),March 2018,Khulna Division,9514.0
No. of Live Births (LB),September 2018,Chattogram Division,9311.0
No. of Live Births (LB),October 2018,Rajshahi Division,7943.0
No. of Live Births (LB),November 2018,Rajshahi Division,11334.0
No. of Live Births (LB),June 2018,Chattogram Division,6821.0
No. of Live Births (LB),August 2018,Chattogram Division,8848.0
No. of Live Births (LB),October 2018,Dhaka Division,24487.0
No. of Live Births (LB),March 2018,Chattogram Division,10181.0
No. of Live Births (LB),July 2018,Chattogram Division,7893.0
No. of Live Births (LB),December 2018,Barishal Division,3839.0
No. of Live Births (LB),April 2018,Chattogram Division,6540.0
No. of Live Births (LB),December 2018,Rajshahi Division,10261.0
No. of Live Births (LB),May 2018,Chattogram Division,8795.0
No. of Live Births (LB),December 2018,Mymensingh Division,4992.0
No. of Live Births (LB),November 2018,Sylhet Division,5216.0
No. of Live Births (LB),November 2018,Mymensingh Division,5083.0
No. of Live Births (LB),October 2018,Sylhet Division,5639.0
No. of Live Births (LB),December 2018,Sylhet Division,5806.0
No. of Live Births (LB),October 2018,Mymensingh Division,4857.0
No. of Live Births (LB),February 2018,Chattogram Division,8792.0
No. of Live Births (LB),January 2018,Chattogram Division,10311.0
No. of Live Births (LB),July 2018,Sylhet Division,3967.0
No. of Live Births (LB),September 2018,Sylhet Division,5421.0
No. of Live Births (LB),June 2018,Sylhet Division,3853.0
No. of Live Births (LB),March 2018,Sylhet Division,3976.0
No. of Live Births (LB),May 2018,Sylhet Division,4155.0
No. of Live Births (LB),September 2018,Rajshahi Division,7829.0
No. of Live Births (LB),April 2018,Sylhet Division,3899.0
No. of Live Births (LB),July 2018,Rajshahi Division,9251.0
No. of Live Births (LB),June 2018,Rajshahi Division,8665.0
No. of Live Births (LB),August 2018,Rajshahi Division,10086.0
No. of Live Births (LB),November 2018,Barishal Division,3715.0
No. of Live Births (LB),April 2018,Rajshahi Division,8314.0
No. of Live Births (LB),October 2018,Barishal Division,3572.0
No. of Live Births (LB),May 2018,Rajshahi Division,8735.0
No. of Live Births (LB),August 2018,Sylhet Division,4964.0
