"","Measles_Children12M","Fully_Children23M","BCG_Children23M","OPV2_Children23M","TT1_Mother0-11MChildren","PENTA1_Children12M","OPV3_Children12M","OPV3_Children23M","VitACoverage_Children12-59M","OPV1_Children23M","TT5_Mother0-11MChildren","PENTA2_Children12M","PENTA2_Children23M","OPV1_Children12M","BCG_Children12M","OPV2_Children12M","Fully_Children12M","PENTA1_Children23M","Measles_Children23M","TT2_Mother0-11MChildren","TT3_Mother0-11MChildren","PENTA3_Children23M","PENTA3_Children12M","TT4_Mother0-11MChildren","sex_ratio","rate_infant_mortality","prop_muslim","rate_in_women","prop_source_light_eletricity","rate_separation","rate_in_45to64y","prop_women_15.45y_overwomen","prop_house_wooden","prop_house_bamboo","prop_house_mud","rate_out_65yplus","prop_married_..15y","mean_mothers_age","prop_married_women_15.45y","rate_out_0to14y","rate_out_women","prop_pop_women","prop_secondary_or_higher","rate_live_births","rate_fertility","rate_out_men","prop_registered_births","prop_pop_rural","prop_house_semipucca","prop_household_head_women","rate_in_65yplus","rate_out_15to44y","rate_literacy_7yplus","rate_marriage","prop_drinking_tubewell_water","prop_deaths_rural","prop_pop_rural_women","rate_under5y_mortality","mean_age_marriage","prop_hindu","rate_in_15to44y","rate_in_men","rate_in","prop_attendant_delivery","rate_divorce","prop_women_15.45y_overtotal","dependency_ratio","rate_in_0to14y","prop_house_building","prop_primary","prop_live_births","rate_child_death","mean_age","prop_divorce_marriage","ratio_child_women","rate_maternal_mortality","rate_out","prop_sanitary_open","mean_household_head_age","rate_out_45to64y","prop_sanitary_with_water","rate_death","03Immunization: PCV vial wastage rate","04Newborn: Percentage of newborns delivered by SBA at community that received CHX (7.1%) to the cord after birth","03Immunization: OPV 3 Crude Coverage %","03Immunization: Penta 1 to MR 1 drop out Rate","03Immunization: Pentavalent vial wastage rate","03Immunization: Penta 2 Crude Coverage %","01MaternalHealth: Institutional Normal Delivery Rate (Only EmOC Facilities)","03Immunization: PCV 2 Crude Coverage %","01MaternalHealth: Percentage of postpartum hemorrhage among admitted patient in EmONC","03Immunization: MR 1 Crude Coverage %","03Immunization: fIPV1 Crude Coverage %","03Immunization: IPV vial wastage rate","03Immunization: fIPV2 Crude Coverage %","02ChildHealth: % of neonatal death reported individually","07Vaccine&LogisticsstockofUpazilaMunCC: Differences between Pentavalent doses and vial uses","04Newborn: % of female baby admitted in SCANU reported individually","01MaternalHealth: Percentage of cases with puerperal sepsis among admitted patient in EmONC","04Newborn: Percentage of newborns initiated breastfeeding within one hour after birth","04Newborn: % of male baby admitted in SCANU reported individually","02ChildHealth: IMCI Stunting (%)","03Immunization: MR vial wastage rate","02ChildHealth: % of breast feeding initiated within 1 hour by CSBA","03Immunization: BCG left out Rate","03Immunization: BCG to Penta 3 drop out Rate","03Immunization: Pentavalent vial use and doses ratio","01MaternalHealth: Institutional C-section rate","05Logistics: Percentage of functional x-ray","03Immunization: Penta 3 Crude Coverage %","03Immunization: Penta 1 to Penta 3 drop out Rate","03Immunization: BCG Crude Coverage %","02ChildHealth: Percentage of diarrhea reported at facility","01MaternalHealth: % of maternal death reported individually with causes of death","02ChildHealth: Percentage of pneumonia reported at facility","03Immunization: OPV vial wastage rate","01MaternalHealth: Proportion of cases with postpartum hemorrhage among admitted patient in EmONC","03Immunization: PCV 3 Crude Coverage %","03Immunization: BCG vial wastage rate","03Immunization: OPV 1 Crude Coverage %","02ChildHealth: IMCI Wasting (%)","03Immunization: OPV 0 Crude Coverage %","02ChildHealth: Neonatal Case fatality rate (EmOC)","03Immunization: EPI Session drop out rate","03Immunization: Penta 1 to MR 2 drop out Rate","04Newborn: Percentage of newborn who received postnatal care within two days of birth at facility","01MaternalHealth: Maternal Case fatality rate (EmOC)","01MaternalHealth: Proportion of cases with puerperal sepsis among admitted patient in EmONC","05Logistics: Percentage of functional ambulance","04Newborn: Percentage of newborns delivered by SBA at facility that received CHX (7.1%) to the cord after birth","03Immunization: PCV 1 Crude Coverage %","03Immunization: MR 2 Crude Coverage %","03Immunization: Penta 1 Crude Coverage %","02ChildHealth: IMCI Underweight (%)","03Immunization: TT vial wastage rate","03Immunization: BCG to MR 1 Drop out Rate","03Immunization: OPV 2 Crude Coverage %","distr_GOdistr_GOPill_total","Imp12DistrNGOMonthThana_Percent_PerFemale","imp11subdistr_ngothanaprocessNGO_Percent_Condom","imp11subdistr_thanaprocessPercent_Implant","distr_GOdistr_GOImp_normal","imp11subdistr_thanaprocessCAR","imp12distr_monthprocessImp12DistrMonthThana_Percent_IUD","distr_GOdistr_GOfemalenormal","distr_GOdistr_GOfemale_total","Imp12DistrNGOMonthThana_Percent_IUD","distr_GOdistr_GOImp_total","Imp12DistrNGOMonthThana_Percent_Implant","distr_GOdistr_GOIUD_total","imp11subdistr_ngothanaprocessNGO_Percent_Injectable","imp11subdistr_thanaprocessPercent_Pill","imp12distr_monthprocessImp12DistrMonthThana_CAR","distr_GOdistr_GOPermanent_method","imp11subdistr_thanaprocessPercent_IUD","imp11subdistr_thanaprocessPercent_PerFemale","Imp12DistrNGOMonthThana_Percent_Injectable","imp11subdistr_thanaprocessPercent_Injectable","imp11subdistr_ngothanaprocessNGO_Percent_PerFemale","Imp12DistrNGOMonthThana_CAR","imp12distr_monthprocessImp12DistrMonthThana_Percent_Pill","imp12distr_monthprocessImp12DistrMonthThana_Percent_Implant","imp11subdistr_ngothanaprocessNGO_Percent_PerMale","distr_GOdistr_GOper_male","imp11subdistr_ngothanaprocessNGO_Percent_Implant","distr_GOdistr_GOInj_vial","Imp12DistrNGOMonthThana_Percent_Condom","distr_GOdistr_GOIUD_normal","Imp12DistrNGOMonthThana_Percent_PerMale","Imp12DistrNGOMonthThana_Percent_Pill","imp12distr_monthprocessImp12DistrMonthThana_Percent_Injectable","distr_GOdistr_GOCondom","imp11subdistr_ngothanaprocessNGO_Percent_Pill","imp12distr_monthprocessImp12DistrMonthThana_Percent_PerMale","imp11subdistr_thanaprocessPercent_Condom","imp12distr_monthprocessImp12DistrMonthThana_Percent_PerFemale","imp11subdistr_ngothanaprocessNGO_Percent_IUD","imp12distr_monthprocessImp12DistrMonthThana_Percent_Condom","distr_GOdistr_GOShukhi","imp11subdistr_thanaprocessPercent_PerMale","imp11subdistr_ngothanaprocessNGO_CAR","sex_ratio_1","prop_unmet_need_family_planing","prop_female_head","prop_women_15.45y_overwomen_1","prop_married_..15y_1","prop_antenatal_coverage","prop_married_women_15.45y_1","prop_pop_women_1","prop_pop_rural_1","prop_registered_under5","prop_institutional_delivery","prop_pop_rural_women_1","prop_antenatal_care4.","prop_attendant_delivery_1","dependency_ratio_1","prop_caesarean","prop_current_contraceptive","cat_mmr","cat_ufmr","cat_death","cat_anc"
"Bagerhat",90.3,88.3,98.2,97.1,98.1,97.4,90.8,91,82,97.4,36.5,96.8,97.1,97.4,98.2,96.8,86.8,97.4,92.2,97.8,85.3,91,90.8,61.9,100.51,26.67,86.49,42.31,73.79,0.64,7.26,49.83,63.07,3.92,1.17,3.19,72.26,25,79.25,21.16,42.95,49.87,19.2,17.96,73.56,33.29,6.55,76.68,13.88,3.12,2.79,45.03,92.19,15.25,52.43,77.36,38.11,26.67,24,13.41,45.82,38.08,80.39,79.04,0.4,24.85,51.5,24.51,17.61,35.5,98.25,0,30.43,2.62,304.57,0,76.24,2.07,47.9,6.87,71.17,4.23,-50.6,74.1,100.6,2.8,-1.2,101.2,71.5,100.5,0.58,99.1,49.2,30.7,50.9,1537.5,2310,41.5,0.05,42.7,58.5,2.7,73,92.3,0.54,-1.2,-1.4,27.6,30.729,100.7,0.86,99.5,11.57,71.43,3.32,28.7,0.0058,98.3,89.2,101.5,1.7,0.06,0.187,1.01,33.3,42.6,0.0344,5e-04,62.69,48.9,101.5,68,101.5,4.3,39.8,0.35,101.2,4345.1669,4.87,10.06,4.09,9.9108,81.39,4.34,1.7665,2.4124,6.05,10.5087,4.35,9.7756,25.17,50.45,81.39,4.6205,4.34,8.12,25.17,18.25,4.87,83.61,50.45,4.09,4.69,0.0045,4.35,403.7877,10.06,9.7005,4.69,44.81,18.25,6272.1589,44.81,5.33,9.42,8.12,6.05,9.42,4267.5896,5.33,83.61,94.78,11,4.17,48.65,72.88,48.69,74.84,39.86,14.38,37.56,26.49,7.53,25.13,36.95,56.82,22.38,67.82,"Low-MMR","Medium-MMR","Low-MMR","Medium-MMR"
"Bandarban",86.3,83.9,99,94.8,94.8,96.3,87.8,87.8,84.1,96.3,65.3,94.8,94.8,96.3,99,94.8,80.9,96.3,89.8,92.2,86.1,87.8,87.8,79.6,102.79,10.99,47.57,23.25,39.42,0.22,3.01,50.15,33.62,30.34,26.57,1.72,66.7,26,67.97,12.7,26.26,49.31,9.71,19.59,79.2,20.23,0,60.57,7.83,2.8,1.51,27.34,68.52,14.85,66.47,66.67,29.83,43.96,22,1.59,26.04,21.31,44.55,60.44,1.51,24.73,57.54,13.99,2.13,25.7,100,10.6,27.71,10.14,280.56,0,46.49,24.54,47.16,4.74,11.59,3.23,-52.5,83.5,92.2,1.4,2.5,91.4,84.6,92.7,0.15,92.9,34.7,47.6,30.7,328.6,-1549,48.3,0.05,59,51.7,1.1,68.4,81.5,5.2,3,2.3,14.5,69.231,92,2.3,94.8,9.28,0,8.57,32.5,0.0015,92.2,88.7,93.8,0.35,5.2,0.3076,1.33,29,49.3,0.0245,5e-04,59.06,59.2,93.5,66.9,94.1,1.6,36.9,2,93,762.4432,NA,NA,9.44,3.2469,77.95,8.22,0.2267,0.2561,NA,3.2882,NA,3.6267,NA,37.61,77.95,1.7133,8.22,6.3,NA,22.16,NA,NA,37.61,9.44,NA,0.003,NA,123.0248,NA,3.5678,NA,NA,22.16,990.9362,NA,9.05,7.23,6.3,NA,7.23,741.787,9.05,NA,84.93,13.64,25.49,54.79,63.46,100,57.5,77.52,0,40,75,0,75,75,45.16,50,63.64,"Low-MMR","Medium-MMR","Low-MMR","High-MMR"
"Barguna",91,91.1,99.7,98.3,98.8,98.8,93,93.6,96.8,98.8,36.3,97.9,98.3,98.8,99.7,97.9,87.6,98.8,94.9,97.4,88.4,93.6,93,64.4,101.66,29.41,88.03,32.06,68.81,0,4.89,49.91,87.21,0.04,0.08,0.78,75.11,27,80.77,14.86,26.78,49.59,22.97,16.62,67.54,26.78,5.85,60.3,8.33,2.57,1.27,33.72,95.71,11.44,85.43,87.93,29.56,29.41,22,11.91,35.09,23.66,55.72,72.51,2.05,24.75,49.61,14.47,4.26,41.06,99.42,0,30.76,17.95,257.64,0,53.57,0.75,47.47,4.2,54.48,5.67,-58.6,67.6,95.4,1.7,-0.03,96.6,41.1,96.6,1.05,95.7,38,10.2,36.2,284.3,36,0,0.14,58.4,100,1.2,61.1,95.6,2.2,1.2,-0.03,58.6,41.262,96.6,0.75,97.8,7.47,12.5,4.38,6.9,0.0105,95,88,97.4,1.1,4.7,1.2882,0.78,8.1,21.1,0.0951,0.0014,78.37,47.8,96.9,89.5,97.4,2.8,21.2,2.1,95.7,1208.0683,3.25,8.16,6.57,8.229,76.12,3.21,0.3297,0.8429,2.38,8.6577,5.77,4.1176,36.07,43.49,76.12,2.7451,3.21,5.74,36.07,28,3.25,84.62,43.49,6.57,3.2,0.0056,5.77,224.9508,8.16,4.1176,3.2,41.16,28,753.2185,41.16,9.46,3.53,5.74,2.38,3.53,1187.266,9.46,84.62,87.82,8.22,8.06,44.84,77.54,37.97,86.5,28.64,9.48,25.1,27.54,5.13,47.46,34.43,68.24,22.9,73.3,"Low-MMR","Medium-MMR","Medium-MMR","High-MMR"
"Barisal",93.1,94.6,99.7,99.3,100,99.1,95.5,96,100,99.1,60,99.3,99.3,99.1,99.7,99.3,91,99.1,97.1,100,96.7,96,95.5,79.3,100.13,14.95,87.73,93.56,91.73,0,18.71,52.16,47.16,0.34,0.14,3.74,70.56,25,76.06,48.34,85.28,49.97,29.12,19.34,74.91,81.89,0.83,25.85,18.63,3.25,4.65,97.94,91.77,15.13,91.59,32.94,12.9,31.78,23,11.44,100.76,84.56,178.12,78.06,0.02,26.06,49.92,54.01,33.79,30.02,99.07,4.89,29.15,0.12,296.02,93.46,167.17,0.44,46.48,17.15,56.91,7.74,-65.1,71.8,97.9,1,-20.2,99,35.2,97.2,0.36,98.9,46.5,10.8,41.4,857.1,61284,100,0.03,45.5,0,4.4,46.8,80.2,-0.09,1.3,-20.2,64.8,59.295,98.8,1.2,100.1,13.06,NA,6.35,-6.9,0.0036,96.6,84.6,99.9,0.88,9.5,0.0354,2.69,20,32.7,0,3e-04,73.46,13.8,98.3,79.9,99.9,4.2,18.2,1.2,99.2,539.116,4.07,23.38,5.33,2.351,75.77,4.07,0.3029,0.5195,1.65,2.4742,6.84,1.3521,9.8,49.26,75.77,1.0351,4.07,8.42,9.8,21.32,4.07,76.43,49.26,5.33,0.97,0.0079,6.84,94.5218,23.38,1.3257,0.97,53.3,21.32,625.5349,53.3,2.98,8.62,8.42,1.65,8.62,531.27,2.98,76.43,94.74,10.08,6.99,51.1,69.16,64.01,77.42,30.97,28.48,23.4,46.33,13.91,32.39,56.91,59.68,31.22,64.26,"Medium-MMR","Medium-MMR","High-MMR","High-MMR"
"Bhola",95.4,91.9,99.8,99.8,100,99.8,94.5,94.5,98.4,99.8,56.1,99.8,99.8,99.8,99.8,99.8,91.3,99.8,96.6,100,94.1,94.5,94.5,79,103.99,35.34,95.77,30.87,81.03,1.48,3.6,48.18,79.6,0.13,0.15,1.66,72.85,25,79.01,14.38,29.43,49.02,14.33,12.72,54.6,22.2,9.76,59.92,16.53,2.26,3.19,32.8,84.29,10.7,98.87,91.59,29.23,56.54,21,4.14,29.66,23.86,54.73,69.69,3.86,23.62,62.4,18.29,3.44,33.67,98.61,3.44,27.59,36.13,384.73,1766.78,51.63,1.67,46.54,2.79,20.24,4.81,-67.4,90.3,95.9,-0.68,-1.2,97.6,77.2,96.7,2.19,97.7,42.5,7.5,34.4,4752.9,4145,37,0.08,66.2,63,8.7,47.2,95.4,0.92,2.3,-1.4,22.4,66.368,96.8,0.19,99.1,13.35,61.9,4.6,11.8,0.0219,96.2,84.1,96.5,5.3,24.4,0.0986,3.09,6.1,34.8,0.0626,8e-04,75.74,68,96.1,91.1,97,7.7,18.6,1.4,96.8,2129.2232,2.55,8.09,5.13,13.5533,79.61,3.15,0.0413,0.3444,5.46,13.8449,4.96,9.4664,44.47,39.68,79.61,3.6483,3.15,3.23,44.47,40.52,2.55,80.44,39.68,5.13,2.31,0.0087,4.96,935.331,8.09,8.5044,2.31,32.15,40.52,3175.7699,32.15,3.21,5.08,3.23,5.46,5.08,2093.0429,3.21,80.44,101.71,10.01,3.53,47.39,75.2,29.44,82.49,26.58,9.99,17.64,11.27,5.06,15.62,18.42,69.35,4.01,67.28,"High-MMR","High-MMR","Medium-MMR","Medium-MMR"
"Bogra",89,91.3,99.8,97.8,100,98.7,93.6,93.6,92.7,98.7,58,97.8,97.8,98.7,99.8,97.8,86.5,98.7,93.7,98.2,91.4,93.6,93.6,75.3,101.04,42.55,95,45.01,85.96,0.12,7.21,51.23,35.64,0.39,22.44,1.32,77.11,24,83.6,15.78,35.78,49.74,16.92,20.04,81.24,27.99,3,63.89,33.26,2.86,2.79,41.36,83.29,18.26,91.79,65.69,31.73,52.22,22,4.98,45.94,34.5,79.51,63.48,1.43,25.48,48.26,23.57,8.95,27.9,96.82,3.01,29.69,7.86,292.77,386.85,63.77,2.62,46.13,5.31,43.95,5.31,-56.3,71.3,98.1,0.69,-4.9,99.6,44.8,99,1.55,100.8,49.5,33.1,43.7,299.8,19338,100,0.09,60.3,0,0.18,60,88.3,-0.47,1.7,-5,54.9,54.174,98.7,2.7,100.5,10.95,17.39,7.33,22.8,0.0155,96.1,85.8,100.1,0.16,2.3,6.7918,3.38,21.9,24.8,0.1691,9e-04,70.98,49.2,101.2,79.3,101.5,1.3,33.3,-0.31,99.5,7263.9206,6.49,10.02,6.61,39.2005,82.68,3.12,3.2935,5.2748,4.27,42.7431,6.91,15.7434,20.85,51.37,82.7,7.8673,3.12,8.26,20.85,17.27,6.49,84.47,51.35,6.62,3.94,0.0054,6.91,746.8289,10.02,14.3616,3.94,47.52,17.27,12430.6641,47.52,4.46,8.92,8.26,4.27,8.92,7185.9251,4.46,84.47,94.06,7.73,5.7,49.8,78.33,40.47,85.62,41.88,16.79,12.58,31.14,8.45,28.1,34.22,54.78,21.79,67.15,"High-MMR","High-MMR","Medium-MMR","Medium-MMR"
"Brahmanbaria",94.2,94.1,100,97.8,99.7,98.1,95.1,95.1,87.7,98.1,67.9,97.8,97.8,98.1,100,97.8,91.5,98.1,96.9,99.1,96.9,95.1,95.1,85.9,94.85,18.6,94.91,23.89,91.39,0.4,4.14,46.48,67.23,0.08,6.68,0.23,70.5,25,78.38,10.33,19.29,51.32,9.15,24.4,103.92,19.86,0.46,77.16,13.61,5.16,1.59,26.84,71.73,18.5,99.18,85.09,39.84,23.26,20,5.02,24.57,20.03,43.91,50.57,3.52,23.86,74.19,13.62,15.27,29.64,98.4,1.24,25.59,19.02,439.26,0,39.15,0.43,46.55,1.76,23.8,6.47,-56.5,84.2,74.4,-2.2,-0.79,74.3,56.2,74.4,2.81,76,33.3,18.3,21.7,294.8,3953,NA,0.68,40,NA,1.7,46.7,94.6,25.3,1.1,-0.79,43.4,60.079,73.9,0.67,74.7,15.78,0,7.42,18.2,0.0281,74.3,82.5,78.8,1.7,4.2,1.0358,0.02,14,125.2,0.2345,0.0068,64.92,38.7,74.7,64,74.4,5.3,16,-1.8,74.6,6097.8079,6.79,22.59,3.84,19.1663,72.79,5.83,5.0358,5.3997,5.84,20.9723,2.73,18.3001,19.09,43.78,72.79,7.0031,5.83,11.38,19.09,21.89,6.79,75.06,43.78,3.84,0.13,0.0021,2.73,1054.7713,22.59,18.2817,0.13,42.83,21.89,15192.2248,42.83,1.68,11.6,11.38,5.84,11.6,5982.2896,1.68,75.06,90.95,25.45,14.94,45.63,71.03,57.5,82.28,54.64,13.97,15.36,22.12,7.16,16.18,29.22,86.71,20.6,46.9,"Low-MMR","Low-MMR","High-MMR","Medium-MMR"
"Chandpur",92.5,89.8,100,99.5,99,99.8,91,91.8,91.9,100,63.6,99.2,99.5,99.8,100,99.2,85.8,100,97,99,93.7,91.8,91,79.5,97.93,25.82,89.48,29.07,89.92,0.3,4.7,50.29,74.92,0,0.3,0.65,69.66,24,76.39,13.79,28.95,50.52,13.91,25.33,100.84,29.73,0,72.12,12.79,4.32,1.55,40.67,87.14,18.07,86.64,69.15,36.49,35.21,23,10.47,29.61,20.51,49.58,72.39,0.83,25.41,58.84,13.73,13.09,33.16,98.84,2.92,27.76,4.61,371.34,469.48,58.68,0.38,46.86,3.57,30.05,5.59,-62.4,63.5,95.4,2,-5.9,97.4,34.1,97.1,0.7,96.8,43.6,6.1,34.8,16200,22593,52.9,0.06,44.6,47.1,0.35,50.3,92,1.5,2.2,-6.4,65.7,56.458,96.3,1.6,98.5,11.78,25,5.08,-6.6,0.007,95.1,84.8,98.1,0.28,16.5,0.008,2.57,12.6,24.7,0.0128,6e-04,63.9,49.4,97.9,86.3,97.9,1.3,6.8,1.7,103.6,2195.6539,6.36,12.65,3.43,7.8836,76.34,3.62,1.037,2.8623,5.46,8.1181,3.26,6.5575,30.84,49.41,76.34,3.6082,3.62,9.93,30.84,25.33,6.36,76.71,49.41,3.43,0.67,0.0022,3.26,496.8951,12.65,6.4342,0.67,40.75,25.33,2765.6357,40.75,1.52,6.76,9.93,5.46,6.76,2135.1971,1.52,76.71,85.69,21.66,16.65,49.54,75.15,68.31,85.6,55.54,24.78,22.23,56.29,13.96,24.5,61.85,71.24,31.16,50.15,"High-MMR","Medium-MMR","Medium-MMR","Medium-MMR"
"Chapai Nawabganj",89.9,86.8,100,98.2,98.4,99.2,90.5,90.7,73.3,99.2,47.8,98.2,98.2,99.2,100,98.2,84.3,99.2,92.8,96.2,90.4,90.7,90.5,72.1,101.58,55.15,94.43,21.05,90.3,0.08,2.32,51.87,4.32,6.41,22.64,0.4,75.76,23,82.67,14.89,34.02,49.61,13.47,21.77,88.96,21.13,0,65.9,44.57,3.14,0.32,37.22,80.47,34.18,71.33,77.01,31.9,55.15,22,3.63,22.81,14.01,35.06,61.89,2.8,25.73,51.52,9.6,26.93,30.4,95.1,0,28.09,8.2,343.38,367.65,55.15,2.84,46.39,2.64,38.44,6.96,-74.6,8.6,93.5,-3.2,-2.1,96.2,76.2,99.9,0.65,98.7,38.7,35.3,39,551,4761,0,0.03,44.6,100,1.5,47.4,28.4,1.3,-0.67,-2.1,23.2,66.372,99.3,-3.8,98.7,13.07,0,7.5,12.3,0.0065,111.4,81.7,94.3,0.71,1.8,0.3025,0.31,19.6,2,0.0033,3e-04,44.15,9,100,76.9,95.7,1.3,16.4,-0.05,94.2,4643.8163,1.8,20.89,1.28,4.6829,78.8,1.7,9.4066,9.7727,0.96,10.6167,0.36,7.5354,16.53,48.64,78.8,10.8354,1.7,9.8,16.53,18.93,1.8,82.25,48.64,1.28,1.03,0.0013,0.36,631.0539,20.89,7.2456,1.03,58.43,18.93,8133.7055,58.43,5.92,13.73,9.8,0.96,13.73,4590.1684,5.92,82.25,92.56,12.38,8.56,53.23,73.56,38.9,81.9,47.86,16.16,8.54,27.41,9.1,15.58,30.84,63.57,6.46,57.18,"High-MMR","High-MMR","High-MMR","Medium-MMR"
"Chittagong",94.3,90.9,100,99.6,100,99.5,92.9,93.1,99.1,99.8,68.9,99.4,99.6,99.5,100,99.4,88,99.8,97.2,98.5,93.8,93.1,92.9,85.9,98.71,11.83,82.65,59.01,94.38,0.01,10.5,55.12,25.53,5.02,9.14,1.71,66.33,25,71.25,41.02,74.19,50.32,23.53,19.4,71.02,68.42,5.17,34.06,26.06,4.66,1.92,85.87,88.74,5.14,58.62,45.82,17.21,15.53,24,14.97,66.95,54.03,113.05,76.04,0.3,27.74,48.39,33.67,34.35,29.68,98.47,1.04,27.39,5.87,281.39,147.93,142.62,0.47,44.78,14.02,43.86,3.6,-67.9,84.1,101.7,2.3,-24.2,101.2,73.8,100.9,0.43,100.9,50.4,23.8,44.3,140,249740,100,0.07,43.2,0,0.79,35.3,68.4,-3.3,2.5,-24.3,25.1,44.196,100.7,2.4,103.3,15.34,0,6.51,-9.3,0.0043,99.8,78.3,104.4,0.88,7.6,0.1174,0.13,6.8,31.2,0.0158,7e-04,73.21,38.3,103,96.2,103.2,2.4,9.1,2.4,102.3,13369.773,6.48,11.27,6.18,80.4754,73.65,5.43,3.9978,6.3903,4.48,85.5555,4.89,63.8804,21.72,52.28,73.65,18.7371,5.43,8.54,21.72,16.47,6.48,75.23,52.28,6.18,1.2,0.0168,4.89,1881.9521,11.27,62.0559,1.2,49.97,16.47,23023.0435,49.97,1.42,9.68,8.54,4.48,9.68,13154.6143,1.42,75.23,86.37,13.63,16.63,53.17,67.32,70.32,72.04,58.14,59.35,25.38,46.88,31.11,48.27,62.21,61.61,22.74,63.29,"Medium-MMR","Low-MMR","Low-MMR","High-MMR"
"Chuadanga",91.7,89.6,99.4,98.2,100,99,91.9,92.1,88.8,99,44.7,98.2,98.2,99,99.4,98.2,86.4,99,94.8,99.2,92.8,92.1,91.9,74.4,99.88,25.32,94.69,17.74,95.06,0.5,2.49,52.3,12.96,4.76,15.56,0,76.04,25,82.6,9.37,20.63,50.03,13.78,15.74,61.69,12.95,2.47,51.47,34.41,2.54,0.7,22.62,82.33,18.04,95.61,63.16,25.4,25.32,21,5.12,17.24,9.96,27.7,85.8,0.6,26.17,44.99,7.27,32.69,30.61,97.53,0,30.26,3.31,259.06,632.91,33.58,1.35,45.17,1.59,40.12,5.68,-56.3,70.2,101,-0.03,-7.7,101.5,37.7,101.4,0.53,102.1,46.4,21.7,45.5,6028.6,9933,37.2,0.02,72.7,62.8,2.7,53.8,72.8,-3,1.8,-7.9,61.9,41.667,101.1,0.51,103,10.74,0,7.63,9.8,0.0053,99.4,85.3,101.7,2.4,11.4,0.0402,0.37,8,16.8,0.0115,2e-04,74.59,52.2,101.6,93.8,101.7,4.6,22.9,0.89,101.4,244.7917,12.6,7.27,4.24,0.9191,81.71,2.64,0.083,0.5136,4.67,0.9527,5.55,0.5852,25.55,45.41,81.71,0.5204,2.64,13.85,25.55,25.34,12.6,82.86,45.41,4.24,0.59,1e-04,5.55,48.6988,7.27,0.5671,0.59,43.76,25.34,373.023,43.76,0.69,7.82,13.85,4.67,7.82,242.8171,0.69,82.86,92.04,8.94,4.95,52.3,77.31,74.83,85.71,34.3,19.82,12.03,74.64,10.06,58.9,74.64,54.04,47.79,70.03,"High-MMR","Medium-MMR","Medium-MMR","High-MMR"
"Comilla",85.6,83.7,100,95.9,99.3,96.9,85.4,85.4,92.3,96.9,57.7,95.9,95.9,96.9,100,95.9,77.5,96.9,93.2,99,91.1,85.4,85.4,76,92.21,9.17,96.13,22.83,94.49,0.15,3.06,49.62,66.27,0.21,2.34,1.17,70.39,25,77.23,21.09,37.19,52.03,18.5,19.62,76.8,37.07,1.51,76.16,12.89,5.97,0.9,45.38,85.06,16.11,82.83,94.3,39.72,19.88,21,3.79,24.03,16.74,39.56,73.83,0.48,25.82,64.13,11.58,20.17,29.65,98.94,2.54,26.88,2.98,363,0,74.27,1.05,46.59,6.63,40.11,4.74,-51.6,68.6,97.9,2,-4,99.1,65.7,99.1,3.45,98.4,38.9,40.4,26.7,74.8,40865,100,0.22,63.4,0,1.2,42.7,88.1,0.53,1.3,-4.1,33.7,43.634,98.2,1.9,99.5,12.85,0,6.84,4.8,0.0345,97.3,81.7,100.1,0.73,0.47,0.7628,-0.12,3.4,56.8,0.1615,0.0022,61.18,54,100,97,100.1,3,13.9,1.1,99.2,3078.7967,6.52,15.05,3.36,7.3368,75.89,4.39,1.7017,3.7098,5.52,8.7257,3.37,12.3516,23.24,47.47,75.89,5.0137,4.39,10.48,23.24,23.08,6.52,78.27,47.47,3.36,2.29,0.0074,3.37,550.3073,15.05,11.1616,2.29,44.01,23.08,5652.5592,44.01,2.14,9.07,10.48,5.52,9.07,3025.2837,2.14,78.27,86.66,17.36,16.86,49,72.79,68.81,81.33,56.93,13.88,14.39,40.73,7.36,17.02,41.41,72.85,30.38,48.17,"Low-MMR","Low-MMR","Medium-MMR","Medium-MMR"
"Cox's Bazar",87.5,87.4,100,98.4,97.8,98.1,92.3,92.3,93.7,98.1,68.6,98.4,98.4,98.1,100,98.4,83.4,98.1,92.2,97.4,93.2,92.3,92.3,82.9,101.32,32.35,91.24,27.29,79.19,0.59,4.1,49.1,32.14,19.05,21.8,0.4,66.91,25,71.06,13.88,28.48,49.67,11.38,22.46,95.64,23.59,1.42,66.82,15.64,3.02,1.19,34.09,82.1,15.39,99.44,83.56,32.96,44.12,22,8.59,27.29,20.22,47.51,52.41,1.39,24.39,69.33,14.93,11.4,37.17,96.32,2.84,24.11,9.01,432.11,588.24,52.06,5.24,43.95,3.7,30.85,4.82,-68.5,87.9,96.8,0.51,-8.1,97.6,60.5,98.1,1.14,98,43.3,10.2,42.2,3847.1,32862,38.3,1.87,65.5,61.7,4.9,39.6,83.5,2,-0.41,-8.1,36,55.102,98.4,0.18,98,11.03,58.97,14.62,16.8,0.0114,96.2,78.9,97.4,2.1,14.1,0.1935,0.76,11.9,31.1,0.1307,0.0187,74.11,60.7,98.4,86.9,98.6,5.7,18.9,-0.07,96.6,2363.9823,4,10.51,4.74,12.0293,75.94,3.4,0.646,0.735,3.29,12.3692,5.39,6.3448,30.24,46.1,75.94,2.0111,3.4,4.7,30.24,30.87,4,78.01,46.1,4.74,2.58,0.0044,5.39,520.4857,10.51,5.7913,2.58,43.97,30.87,2382.1392,43.97,3.72,6.49,4.7,3.29,6.49,2318.1717,3.72,78.01,106.71,16.24,12.48,50.07,61.29,46.52,67.67,65.68,62.89,10.49,12.37,28.38,9.19,21.27,81.83,5.41,58.3,"High-MMR","Medium-MMR","Medium-MMR","Low-MMR"
"Dhaka",80.3,78,97.8,91.5,96.6,95.8,80.1,80.9,90.3,95.8,48.4,91.5,91.5,95.8,97.8,91.5,72.5,95.8,86,94.2,84.3,80.9,80.1,65.8,101.95,24.84,93.74,69.4,99.07,0.04,14,57.67,17.5,0.05,0.51,1.22,72.6,25,76.48,19.28,35.59,49.52,29.36,12.18,43.55,35.61,1.93,24.27,24.67,3.41,2.31,42.9,90.36,3.27,28.61,36.21,12.1,28.99,23,5.86,84.04,70.12,139.52,81.14,0.1,28.56,44.44,39.17,57.7,26.12,97.97,0.72,27.64,3.09,282.39,0,71.2,0.29,42.93,7.79,67.51,3.06,-58.5,67.6,100.3,0.81,-33.1,100.4,39.4,99.8,0.18,101.4,57.4,10.6,55.9,455.6,339248,75,0.2,7.4,25,0.34,23.3,73.3,-6.8,4.9,-33.4,60.5,109.709,101.6,0.07,106.8,9.06,0,6.81,-21.9,0.0018,100.2,70.4,100.5,0.27,14.8,0.0217,3.92,18,11.6,0.0015,0.002,98.79,7.1,101.2,83.8,101.7,1.6,2.6,5.1,99.5,6877.178,9.49,11.05,4.3,26.2623,72.75,3.52,1.0673,9.6507,5.19,30.5929,6.56,32.1088,19.16,48.34,72.75,31.7597,3.52,9.22,19.16,17.14,9.49,71.01,48.34,4.3,2.18,0.0742,6.56,1033.2502,11.05,30.6327,2.18,46.37,17.14,18430.1023,46.37,3.11,14.36,9.22,5.19,14.36,6729.4305,3.11,71.01,104.41,10.25,18.39,56.81,73.59,78.75,80.3,79.99,132.87,18.56,56.46,64.94,51.29,66.32,49.36,50.53,65.89,"Low-MMR","Medium-MMR","Low-MMR","High-MMR"
"Dinajpur",91.9,88.9,100,97.7,98.8,97.9,91.4,91.4,99.4,97.9,61.2,97.7,97.7,97.9,100,97.7,85.9,97.9,95.1,97.9,92.3,91.4,91.4,80.4,101.64,24.51,77.36,26.74,82.83,0.12,2.96,51.07,17.41,6.13,24.64,0.72,73.24,24,79.17,15.33,30.19,49.59,20.81,16.33,65.6,22.86,1.69,62.07,44.04,2.36,1.08,32.91,89.14,18.98,95.44,69.91,30.7,24.51,22,21.27,28.62,19.3,46.04,75.9,0.28,25.33,49.43,13.37,11.26,30.63,98.31,0,29.24,1.48,299.03,245.1,53.04,12.68,46.19,4.08,46.64,4.52,-45.7,67.5,98.1,0.63,-3.7,98.3,51.2,96.8,0.85,98.6,47.9,19.8,36.7,107.3,14135,46.3,0.05,59.8,53.7,0.31,60.9,78.5,-2.3,3.5,-3.9,46.9,65.583,98.7,0.45,102.3,11.33,25,5.3,7.4,0.0085,97.2,86.8,99,0.23,16.3,2.618,0,20.5,58.9,0.0505,5e-04,68.47,59.2,98.2,78.8,99.2,1.2,38.5,3.6,97.6,2729.0708,9.66,10.42,5.07,13.9889,79.63,1.87,2.1617,3.3167,1.87,15.1484,4.41,6.1439,21.17,50.44,79.61,5.0514,1.87,12.99,21.17,15.04,9.66,80.15,50.47,5.08,7.29,0.0091,4.41,273.1245,10.42,6.0698,7.29,45.19,15.06,2049.0537,45.19,9.14,5.41,12.95,1.87,5.43,2708.5758,9.18,80.15,100.57,3.34,4.71,51.74,78.34,63.73,82.87,60.81,10.89,21.5,36.34,5.34,44.39,44.1,59.45,22.66,72.38,"Medium-MMR","Low-MMR","Low-MMR","High-MMR"
"Faridpur",86.9,90.7,99.6,96.2,97.6,94.8,91.4,92.1,85.5,95.1,49.9,95.3,96.2,94.8,99.6,95.3,84.3,95.1,94.5,95.2,87.5,92.1,91.4,74.9,100.98,0,92.95,21.54,85.02,0.69,2.69,49.03,71.41,0.69,0.11,0.61,71.51,25,78.32,8.77,20.06,49.76,14.84,18.41,75.83,17.28,1.41,84.07,22.42,3.11,1.39,26.23,87.79,16.59,93.29,95.45,41.76,9.43,21,6.94,23.28,15.11,36.65,72.3,1.56,24.4,54.32,9.29,8.58,31.35,99.53,2.49,28.89,9.42,316.58,0,37.35,0.38,47.56,1.74,50.25,3.82,-51.4,50.7,97.9,0.16,-5.2,98.5,40.3,98.5,1.21,98.7,45.2,27.2,43.8,658.1,15032,44.9,0.72,35,55.1,3.6,54.7,68.1,0.99,0.56,-5.5,55.6,48.726,98.5,0.16,99,10.03,4.44,12.97,11.9,0.0121,96.8,85.3,98,1.9,0.22,1.5424,0,30.5,29.4,0.1954,0.0072,61.15,35,98.4,68.7,98.6,4.4,24.8,0.28,97.7,546.538,7.26,18.14,4.11,1.7178,77.17,4.95,0.5843,0.9006,8.49,1.8229,6.04,1.4428,17.25,46.43,77.17,1.1245,4.95,11.85,17.25,16.12,7.26,78.83,46.43,4.11,3.65,0.0035,6.04,56.3551,18.14,1.4149,3.65,39.17,16.12,934.0105,39.17,2.7,13.84,11.85,8.49,13.84,538.0213,2.7,78.83,93.24,15.31,17.05,52.14,68.78,57.15,76.96,99.35,25.3,29.82,26.05,12.29,12.11,44.62,62.35,18.73,60.11,"Low-MMR","Low-MMR","Low-MMR","Low-MMR"
"Feni",85.9,83.5,100,99.2,98.1,99.4,90.3,90.5,95.4,99.4,54.9,99,99.2,99.4,100,99,79.6,99.4,90.2,95.8,87.2,90.5,90.3,73.3,94.84,0,84.52,44.03,97.84,0.83,5.82,50.57,60.38,0.24,2.97,1.66,70.28,24,78.75,39.46,55.87,51.32,17.43,19.94,78.83,62.31,0.51,65.82,15.54,5.87,1.87,68.65,86.57,7.89,97.03,74.42,34.33,0,23,15.38,46.63,43.51,87.55,91.88,1.35,25.95,61.53,33.23,20.91,29.18,97.46,0,27.43,17.11,342.53,0,118.18,0.24,47.99,8.41,29.54,4.47,-49.7,67.4,100.9,-2.4,-7.7,101.9,58.7,98,0.95,105.3,52.1,12.3,45.3,NA,17027,80,0.32,31.9,20,0.08,46.7,154.4,-3.3,2.2,-7.8,40.9,45.455,101,1.7,103.3,13.04,NA,5.55,-4.3,0.0095,95.9,83.2,102.2,0.06,3.2,0,0.5,20.4,31.1,0,0.0032,57.73,33.8,100.8,81.9,102.8,0.63,23.8,-1.9,101.9,1840.1999,11.48,10.86,3.54,6.5309,71.43,4.96,1.0255,2.3576,7.53,6.8639,3.58,7.9212,23.43,45.09,71.43,2.5902,4.96,12.7,23.43,22.15,11.48,78.57,45.09,3.54,0.54,5e-04,3.58,367.0134,10.86,7.2498,0.54,42.58,22.15,4326.998,42.58,0.89,10.66,12.7,7.53,10.66,1797.6075,0.89,78.57,82.73,26.45,23.89,51.01,69.03,57.45,78.83,53.15,12.16,30,21.33,5.88,25.22,68.42,62.67,6.71,42.84,"Low-MMR","Low-MMR","Low-MMR","Medium-MMR"
"Gaibandha",85.7,87,99.7,96.8,97.6,97.4,92.6,92.8,79,97.4,51.9,96.6,96.8,97.4,99.7,96.6,82,97.4,90.6,96.2,88.2,92.8,92.6,70.4,101.72,50.63,93.05,18.88,66.1,0.16,2.33,49.04,90.33,1.59,0.08,0.65,75.48,25,81.74,15.36,30.01,49.57,16.01,8.57,36.38,20.13,0,83.74,5.25,3.32,0.65,31.15,69.61,16.12,97.06,87.18,41.58,50.63,22,6.77,19.43,12.75,31.63,55.21,1.36,24.31,54.18,9.22,4.28,26.97,96.93,0,28.53,8.42,336.39,0,50.14,11.75,46.09,2.98,22.46,2.12,-59.5,70.1,89.1,0.4,-1.4,89.2,71.9,87.5,0.74,90,40.7,5.9,28,160.3,4722,48.8,0.14,22.2,51.2,0.39,51.1,89.4,10.4,1.8,-1.4,27.6,56.275,87.9,2.6,89.6,11.57,33.33,6.53,22.8,0.0074,84.4,84,91.3,0.33,8.4,0.7178,4.47,9.2,7.9,0.0407,0.0014,70.12,18.8,88.5,82,90.3,0.94,27.8,-0.45,90.2,4152.7571,5.65,11.41,6.26,19.4469,79.4,3.61,2.9462,3.5274,7.78,19.4833,8.25,11.3527,22.72,48.85,79.4,7.6656,3.61,7.47,22.72,22.85,5.65,82.14,48.85,6.26,4.05,0.0145,8.25,580.5375,11.41,11.0872,4.05,40.14,22.85,4006.8831,40.14,5.16,5.8,7.47,7.78,5.8,4117.4654,5.16,82.14,93.13,11.36,7.25,49.83,77.45,39.69,83.35,38.05,11.08,18.4,31.09,5.77,28.15,35.77,62.24,11.29,60.66,"Low-MMR","High-MMR","Low-MMR","Medium-MMR"
"Gazipur",87.1,88.6,100,97.2,98.5,97.4,90.1,90.3,95.1,97.4,49,97.2,97.2,97.4,100,97.2,83,97.4,93.7,97.5,88.8,90.3,90.1,69.6,99.28,22.47,94.2,63.94,96.1,0.67,8.93,58.23,30.88,0.04,16.91,0.73,77.22,24,81.02,26,55.57,50.18,18.52,14.9,51.94,52.78,1.84,67.93,39.85,4.42,1.17,74.93,90.8,10.88,73.32,44.78,34.2,29.96,23,4.31,86.54,64.39,128.33,75.74,1,29.22,42.02,31.69,15.33,30.54,98.16,1.64,27.85,9.23,252.81,0,108.35,0.44,41.36,6.7,46.54,3.74,-60.7,58.3,99.8,-1.7,-0.51,100.3,39,99.8,0.31,102.3,39.9,34.9,33.3,486.4,2946,42.5,0.27,16.2,57.5,0.32,31.4,81.8,-2.2,2.5,-0.51,60,88.925,99.7,0.87,102.2,11.5,33.33,5.7,-0.39,0.0031,98.5,68.6,101.4,0.28,9,0.0917,-1.2,10.1,9.1,0.0092,0.0027,74.2,15,99.7,90.4,100.6,1.9,12.4,-0.08,104.7,6911.726,5.87,17.06,3.57,20.7126,76.79,2.96,2.1073,5.3857,3.15,21.0196,5.14,19.2117,17.74,57.42,76.79,10.5022,2.96,11.07,17.74,12.4,5.87,76.53,57.42,3.57,0.95,0.0082,5.14,511.5805,17.06,18.9313,0.95,50.08,12.4,12963.5739,50.08,1.45,11.14,11.07,3.15,11.14,6872.4915,1.45,76.53,95.12,8.5,12.47,59.46,75.29,78.16,82.4,81.69,58.97,15.52,47.66,31.06,40.47,47.66,48.83,34.39,68.57,"Low-MMR","Medium-MMR","Low-MMR","High-MMR"
"Gopalganj",83.8,84.3,99.3,94.1,94.2,95.9,87.8,88.2,78.5,95.9,44.7,93.9,94.1,95.9,99.3,93.9,79.1,95.9,90.1,90.6,81.7,88.2,87.8,63.9,103.3,22.06,56.11,22.14,82.17,0.33,3.61,47.78,81.27,0.67,1.2,1.48,72.1,24,79.41,12.14,23.95,49.19,12.22,22.31,94.91,21.98,2.21,89.16,11.39,2.1,1.64,29.85,86.12,20.99,99.03,87.18,43.87,22.06,22,43.37,21.16,13.29,35.43,65.44,1.48,23.5,58.94,9.02,6.37,34.53,100,0,29.17,7.03,360.37,0,45.92,0.52,48.11,2.46,60.97,6.4,-62.3,61.7,100.1,3.2,-12.6,101.8,53.6,100.2,2.38,98.2,55.4,23.2,37.9,1671.8,18847,33.5,0.22,45,66.5,0.11,63.1,61.6,-1.3,-1.7,-12.6,45.5,74.497,103,-1.6,101.3,7.43,81.82,12.59,18.8,0.0238,99.3,87,114,0.16,4.3,0.465,-0.19,20.6,26.8,0.0515,0.0022,66.82,46.4,100.8,80.5,101.4,2.8,30.7,3.1,105.7,2876.7153,4.99,14.77,3.85,5.897,80.13,3.56,2.9963,3.651,6.54,5.907,3.42,4.8017,15.62,50.53,80.13,8.7976,3.56,12.02,15.62,13.9,4.99,87.27,50.53,3.85,11.01,0.0124,3.42,204.4346,14.77,4.7463,11.01,43.66,13.9,3840.0545,43.66,3.89,12.26,12.02,6.54,12.26,2841.4091,3.89,87.27,105.76,4.9,13.63,51.5,71.42,75,72.26,104.61,0,41.79,50,0,35.23,61.36,65.69,44.32,66.99,"Low-MMR","Low-MMR","High-MMR","High-MMR"
"Habiganj",87.6,87.8,98.6,96.9,97.3,97.1,91,91.4,86.3,97.4,58.4,96.6,96.9,97.1,98.6,96.6,84.4,97.4,91.3,95.9,91.1,91.4,91,74.7,97.74,37.43,76.03,25.12,88.81,1.45,4.05,49.11,44.46,1.74,5.93,0.92,64.69,26,69.26,11.37,21.6,50.57,14.7,14.28,59.33,18.86,4.92,58.01,35.62,3.31,1.18,24.89,83,11.18,94.65,69.29,29.41,45.45,23,23.79,24.66,16.99,42.1,65.28,0.53,24.83,60.86,12.21,12.71,34.69,96.89,1.54,27.19,4.78,347.53,534.76,40.46,0.67,46.65,3.28,38.09,4.85,-52.1,93.7,97.2,0.22,-0.18,98.5,86.5,98.2,2.94,99,45.4,8.5,29.3,171.5,1694,34.9,0.09,64.8,65.1,1.1,49.2,70.7,-1.1,2.8,-0.49,12.6,27.53,98.2,0.86,101.1,16.69,7.41,7.62,-0.17,0.0294,97,82.4,98.4,1.2,3,0.8958,0.34,5.5,20.6,0.1115,9e-04,53.29,65,98.4,93.7,99.1,1.7,31.6,2,98.3,3240.6555,0,32.5,2.85,7.0001,78.15,3.84,2.754,3.3064,3.84,7.0569,0.11,3.0979,25.62,55.2,78.15,4.2975,3.84,9.45,25.62,15.26,0,Inf,55.2,2.85,0,0.0022,0.11,225.3177,32.5,2.7377,0,37.92,15.26,3092.1786,37.92,4.85,8.54,9.45,3.84,8.54,3193.7863,4.85,Inf,92.92,14.58,2.37,46.54,66.94,59.35,71.89,31.32,5.85,25.04,21.2,3.08,21.72,23.83,77.69,11.72,46.7,"High-MMR","Medium-MMR","Medium-MMR","Medium-MMR"
"Jamalpur",79.8,78.7,99.3,97.2,98.4,98.9,88.2,88.4,95.8,98.9,42.8,97.2,97.2,98.9,99.3,97.2,74.5,98.9,84,92.1,84.1,88.4,88.2,64.4,103.35,23.9,98.1,20.28,66.44,0,3.2,46.83,90.51,0.48,0.21,0.23,75.25,25,81.69,3.58,8,49.18,12.08,19.13,85.4,5.03,1.55,81.59,7.06,3.38,0.91,8.23,68.91,19.36,99.73,83.33,39.98,31.87,21,1.77,18.14,10.82,31.1,44.57,0.69,23.03,57.61,8.84,1.97,27.06,97.29,2.33,29.16,3.54,334.05,398.41,13.04,2.39,48.18,0.99,20.58,5.03,-62,90.7,96.8,-1.7,2.4,98.2,51.2,96.6,0.84,100.3,47.5,19.1,21.8,57.1,-8033,37.8,0.79,50.4,62.2,1.4,53.9,96.6,0.15,2.3,2.4,48.6,72.358,97.6,1.1,99.8,16.2,5.26,10.87,12.7,0.0084,93.9,84.6,97.6,1.2,9.7,1.3587,0.03,34.7,45.3,0.0315,0.0079,65.59,55.2,97.3,64.5,98.7,2.9,18.4,-0.47,97.5,7073.1471,4.76,13.14,5.11,30.7532,79.6,3.07,0.7031,3.4624,4.18,30.8704,4.94,18.9384,21.84,47.9,79.54,4.6769,3.08,7.27,21.84,24.87,4.76,78.67,47.91,5.07,3.07,0.0021,4.94,828.8618,13.14,18.7857,3.07,48.05,24.9,9648.764,48.05,4.17,7.6,7.28,4.18,7.61,6999.0021,4.17,78.67,100.06,13.35,12.96,50.06,78.15,36.58,87.27,104.31,88.63,16.49,41.45,45.03,34.62,40.08,63.5,21.03,57.74,"High-MMR","Medium-MMR","Medium-MMR","High-MMR"
"Jessore",89.7,89.1,100,97.8,99.5,98,91.7,91.8,97,98,53.9,97.6,97.8,98,100,97.6,85.7,98,93.4,99.3,94.5,91.8,91.7,79.7,100.53,11.02,92.95,43.77,90.89,0.18,8.77,52.28,15.28,1.75,16.72,0.41,74.69,25,80.6,15.09,32.45,49.87,18.32,16.5,63.98,26.54,12.26,61.21,37.69,3.1,2.23,38.22,88.13,18.32,94.53,72.38,30.6,11.02,22,6.95,45.77,36.22,79.99,75.75,1.45,26.07,46.85,23.23,30.54,30.01,98.91,0,30.05,7.94,263.52,0,58.99,0.59,45.51,5.27,53.09,4.77,-51.5,97.5,92.5,-1.2,-1.4,98.9,34.8,98.4,0.37,99.5,48.1,20.8,46.8,4105.7,4647,20,0.02,92.3,80,3.4,61.3,97.1,0.61,0.55,-1.4,63.8,71.429,98.8,-0.58,99.4,9.48,9.3,4.21,19.6,0.0037,97.6,86.4,93.3,0.35,12,0.0731,0.45,22.4,16.3,0.0455,2e-04,84.25,94.2,98.5,76.3,98.3,5,25.8,-0.07,93.6,4743.3433,7.47,9.57,4.9,15.3126,80.48,3.73,1.448,4.3676,5.51,15.7432,7.74,11.9174,27.41,39.81,80.48,5.8724,3.73,10.26,27.41,26.71,7.47,81.38,39.81,4.9,4.64,0.0039,7.74,877.0046,9.57,11.5933,4.64,37.67,26.71,7899.7227,37.67,5.05,9.55,10.26,5.51,9.55,4687.2128,5.05,81.38,88.77,10.22,7.38,50.27,76.86,86.84,82.97,41.48,23.71,26.7,54.78,12.28,45.71,64.06,55.32,37.57,62.76,"Low-MMR","Low-MMR","Medium-MMR","High-MMR"
"Jhalokati",88.4,88.3,99.8,98.5,98.3,99,92,92.3,75.1,99,52,98.5,98.5,99,99.8,98.5,84.1,99,93.1,96.9,90.4,92.3,92,75.5,101.94,20.83,84.93,40.35,96.55,0.35,5.57,50.15,66.77,0.75,0.5,2.67,68.88,26,75.82,26.55,48.81,49.52,25.11,16.7,68.16,41.74,0.68,51.9,12.71,2.94,3.36,51.94,93.67,23.3,96.85,66.27,25.4,20.83,23,15,39.07,32.81,73.16,76.71,3.36,24.83,51.53,25.16,18.97,32.77,98.63,0,30.03,14.43,283.16,0,90.55,0.75,48.68,9.39,50.2,9.62,-51.6,92,97,1.7,-3.9,98,36,98.4,0.22,97,44.2,18.6,44.1,7100,3076,NA,0.1,28.4,NA,0.92,66.7,88.9,0.97,0.82,-3.9,64,73.228,98.2,0.52,99,13.06,NA,6.3,17.6,0.0022,97.2,89.3,98.8,0.69,5,0.0157,0.89,19,11.1,0,0.001,85.9,44.3,98.7,79.9,98.7,3.2,38.6,2,97.9,1066.2377,5.56,9.29,6.99,5.5794,78.9,5.86,0.6849,1.2723,5.81,6.0056,12.64,3.1413,22.01,45.44,78.9,1.7015,5.86,8.51,22.01,20.12,5.56,82.35,45.44,6.99,1.99,9e-04,12.64,145.01,9.29,3.0591,1.99,42.7,20.12,1261.9069,42.7,5.83,7.25,8.51,5.81,7.25,1041.5945,5.83,82.35,77.36,12.88,8.17,48.13,68.06,64.39,73.96,24.54,4.94,28.4,43.08,2.65,19.14,50.94,72.05,27.37,50.01,"Low-MMR","Low-MMR","High-MMR","Medium-MMR"
"Jhenaidah",87.6,86.1,99.7,99,99.5,99.4,91.3,91.3,95.3,99.4,57,99,99,99.4,99.7,99,81.8,99.4,92.5,99.2,91.9,91.3,91.3,79.8,101.41,16.06,86.21,30.57,95.43,0,4.63,51.6,27.67,1.88,12.19,0.41,75.42,25,81.82,5.86,12.6,49.65,17.64,16.95,66.97,9.94,2.38,62.63,38.34,2.68,2.18,15.25,87.04,11.44,97.66,53.33,31,24.1,23,13.76,32.48,21.38,51.95,81.35,1.16,25.62,47.33,12.66,23.56,27.57,98.81,2.27,30.51,10.12,272.46,0,22.54,0.49,46.57,1.02,46.91,5.11,-54.5,78.7,98.4,1.8,-1.4,100.9,38.8,98.8,0.53,100.4,44.2,38.8,37,27050,3265,48.7,0.17,23.2,51.3,0.98,66,92.8,-2.7,3.1,-1.5,61.1,75.655,99.4,2.3,102.7,13.52,33.33,7.98,29.6,0.0053,96.5,88,100.8,1.4,2.1,0.0083,5.22,25.3,29,0.0157,0.0017,78.69,49.1,99.4,76.3,101.7,3,42.6,2.2,100,8744.1362,11,9.16,4.78,24.4749,76.99,2.4,2.0721,10.1554,4.29,28.2219,5.39,28.9501,22.42,51.84,76.99,10.3474,2.4,14.59,22.42,17.04,11,78.92,51.84,4.78,0.77,2e-04,5.39,1022.032,9.16,27.6923,0.77,46.97,17.04,9834.237,46.97,1.14,8.21,14.59,4.29,8.21,8645.204,1.14,78.92,88.18,10.12,4.37,50.94,80.76,75.75,87.7,39.11,9.9,19.45,58.52,5.39,30.05,58.52,56.88,41.57,64.45,"Low-MMR","Low-MMR","Medium-MMR","High-MMR"
"Joypurhat",89.6,84.6,100,99.2,99.1,99.5,88.6,88.6,99.5,99.5,56.5,99.2,99.2,99.5,100,99.2,80.4,99.5,94.3,98.4,95.2,88.6,88.6,79.2,102.52,27.78,96.04,28.96,94.22,0.15,4.55,53.48,3.28,4.39,44.52,0.15,74.51,24,80.08,2.73,8.64,49.38,24.09,16.37,63.15,4.4,4.55,75.33,32.41,3.23,1.21,9.7,89.87,11.67,96.11,69.44,37.39,27.78,21,2.53,29.87,22.29,51.24,77.27,0.61,26.41,42.77,15.62,19.07,27.49,98.18,0,31.68,5.19,218.28,0,13.04,6.89,48.16,0.45,46.97,5.46,-56.5,71.9,100.8,0.37,-6.2,101.8,55.6,101.6,0.46,102.1,43.1,9,38,727.3,5917,41.1,0.06,65.3,58.9,1.1,65.7,123.1,-0.45,-0.51,-6.2,44.3,82.099,101,1.5,100.5,11.89,0,6.24,9.1,0.0046,100.4,87.7,102.2,0.41,17.6,0.1514,0.34,22.5,27.8,0.0211,6e-04,92,60.2,102.4,79.5,102.5,0.7,23.1,-1.7,101.8,950.054,6.55,15.32,6.27,6.539,83.83,1.59,0.2506,1.3036,1.95,6.6481,4.68,2.669,14.31,50.48,83.83,2.6885,1.59,10.89,14.31,14.44,6.55,83.2,50.48,6.27,2.81,0.0052,4.68,79.2024,15.32,2.669,2.81,54.38,14.44,1314.6043,54.38,8.69,7.63,10.89,1.95,7.63,940.6214,8.69,83.2,100.98,5.36,2,51.78,76.42,74.75,87.06,39.78,27.19,18.3,44.12,13.97,19.19,55.15,46.75,24.7,77.48,"Low-MMR","Medium-MMR","Medium-MMR","Medium-MMR"
"Khagrachhari",84.7,85.8,99.6,98.7,99.6,99,90.9,91.7,94,99,53.4,98,98.7,99,99.6,98,80.6,99,90.6,99,91.4,91.7,90.9,74.7,100.22,31.75,43.64,26.87,26.53,0,3.84,47.23,51.98,10.96,30.06,0.64,71.86,24,76.2,15.99,26.07,49.94,10.4,20.15,88.81,19.99,0.76,61.43,6.34,2.49,0.8,26.71,78.56,16.31,83.42,73.91,30.64,31.75,22,27.94,25.59,18.71,45.58,52.67,0.64,23.59,65.16,15.35,1.95,30.53,96.18,0,26.95,3.92,394.02,0,46.06,3.6,45.99,2.72,9.37,3.68,-43.1,71.3,102,-0.27,-1.8,103.3,84.3,98.2,0.4,103.4,47.5,38.1,32.3,4837.5,1908,42.2,0.21,51.9,57.8,1.7,64.2,89.3,-2.5,-0.68,-1.8,14,23.629,103.2,-0.04,102.5,12.09,38.46,4.89,30.1,0.004,94.2,88.9,101.9,0.92,17.3,0.1423,0.36,12.3,29.2,0.1269,0.0021,64.64,41,99.2,90.5,103.2,2.9,25.6,-0.91,103.2,595.0835,1.8,5.01,4.99,1.3924,76.68,4.37,0.2465,0.3343,4.39,1.4008,18.49,1.5307,30.89,52.22,76.68,0.7287,4.38,6.5,30.89,21.14,1.8,80.63,52.24,4.99,2.3,0.002,18.49,73.635,5.01,1.0269,2.3,37.12,21.14,687.4717,37.12,5.32,5.45,6.5,4.39,5.44,587.4516,5.32,80.63,123.95,16.61,11.03,55.02,75.15,23.71,81.75,88.46,68.23,48.42,5.15,32.04,0,28.86,58.44,5.15,51.79,"Low-MMR","Medium-MMR","Low-MMR","Low-MMR"
"Khulna",88.6,88.3,99.6,94.4,98.6,93.4,89.3,89.5,97.2,93.4,49.1,94.2,94.4,93.4,99.6,94.2,83.7,93.4,93.2,94.3,82.2,89.5,89.3,65.8,100.49,22.76,85.73,72.47,92.25,0.38,16.93,54.58,23.15,5.25,5.29,3.39,71.31,25,75.31,33.97,68.23,49.88,27.99,16.55,61.92,64.84,5.03,24.22,31.6,2.94,3.96,79.06,90.86,12.95,91.88,31.9,12.01,22.76,23,13.99,80.31,67.38,139.85,83.8,0.68,27.22,43.34,38.66,35.07,27.84,98.18,0,30.18,5.27,247.16,142.25,133.07,1.62,46.13,16.65,61.69,4.94,-58.1,57.6,96.3,4.6,-19.8,97.9,47.5,97.9,0.58,94.8,48.6,36,45.4,694.7,41437,32.6,0.07,56.6,67.4,0.7,73.6,88,-1.4,3.8,-19.8,52,60.104,97.6,1.8,101.4,8.8,100,3.55,9.1,0.0058,94.7,84.4,98.9,0.4,7,0.281,0.48,10.3,26.8,0.0046,7e-04,73.08,56.6,99.6,89.1,99.4,5.4,37.3,6.6,98.5,3672.5544,4.3,21.59,6.01,13.1023,80.18,3.22,2.3275,3.0927,2.94,14.9246,6.09,9.0061,15.32,49.14,80.18,6.2927,3.22,8.46,15.32,16.12,4.3,81.94,49.13,6.02,4.73,0.0116,6.09,412.7378,21.59,8.7695,4.73,45.03,16.11,6885.6959,45.03,4.9,12.15,8.47,2.94,12.14,3644.9454,4.89,81.94,95.01,7.42,4.99,51.68,71.89,45.03,79.4,27.64,24.67,26.5,36.3,12.74,40.12,45.61,55.54,23.86,71.01,"Medium-MMR","Low-MMR","Medium-MMR","High-MMR"
"Kishoreganj",82.6,86.4,99.5,97.3,99.5,97.4,89.1,90.2,97.5,97.4,54.5,96.6,97.3,97.4,99.5,96.6,78.1,97.4,91.2,99.5,86.9,90.2,89.1,73,98.67,28.32,92.1,27.27,74.29,0.62,4.19,45.57,78.98,0.36,0.19,1.6,69.47,25,77.15,35.81,51.07,50.33,11.34,23.75,105.57,48.9,5.56,81.13,15.49,3.7,1.29,54.85,82.4,15.01,98.71,90.09,40.82,37.04,22,7.78,27.32,21.99,49.26,50.43,0.93,22.94,66.39,16.46,6.38,31.81,98.08,2.51,26.88,6.21,407.68,0,99.97,8.01,47.08,7.71,27.45,5.74,-60.5,74.5,94.3,-2,-6.3,94.9,41.2,94.2,1.48,97.2,44.2,12.6,32.6,368.2,30490,38.2,0.62,60,61.8,1.7,48.8,94.6,4.1,1.2,-6.3,58.5,65.284,94.7,0.6,95.9,12.07,30.43,7.21,17.3,0.0148,92.2,83.6,95.9,1.2,3,0.6737,0.82,13.3,36.7,0.032,0.0062,82.99,57.9,94.6,82.6,95.3,3.2,27.8,-1.3,95,3094.6958,7.04,8.73,6.04,9.6772,79.9,4.7,2.4436,4.3353,7.25,9.7298,6.47,6.0177,16.95,53.46,79.9,4.7655,4.7,9.44,16.95,15.44,7.04,81.4,53.46,6.04,2.46,0.0022,6.47,240.5218,8.73,5.985,2.46,51.1,15.44,4206.9678,51.1,3.3,7.63,9.44,7.25,7.63,3073.4999,3.3,81.4,92.24,11.05,16.05,46.29,73.86,53.66,76.23,104.14,34.77,30.48,24.53,20.62,14.84,28.31,78.39,19.55,58.2,"Low-MMR","Medium-MMR","Medium-MMR","Medium-MMR"
"Kurigram",86.3,88.2,100,99.4,99.4,99.8,91.9,92,99.5,99.8,48.4,99.4,99.4,99.8,100,99.4,81.5,99.8,93.3,98.8,86.3,92,91.9,66.4,103.89,39.31,92.2,24,64.66,0.05,3.62,49.96,82.45,1.11,0.24,0.49,74.44,25,81.31,12.22,23.03,49.05,15.4,22,91.11,14.76,6.05,59.76,17.26,2.72,0.7,23.3,83.49,23.73,97.42,71.54,29.27,41.77,21,7.76,23.24,14.54,38.54,49.88,1.78,24.5,50.87,10.97,1.49,27.86,98.55,0.9,29.37,7.52,282.96,491.4,37.78,1.65,47.45,1.78,35.2,6.65,-58.7,63.9,96.2,2.6,-5.1,96.9,71.3,93.9,0.98,96.2,43.4,13.6,35.4,485.6,17224,35.9,0.56,27.2,64.1,2.3,52.2,74.9,1.7,2.6,-5.5,28.5,41.107,95.8,2.1,98.3,11.92,28,6.65,19.8,0.0098,92.5,84.2,96.3,1.4,12.6,0.6216,2.67,25.4,19.8,0.0663,0.0056,57.93,35.2,95.2,73.7,97.8,9,20.8,2.2,96.6,13660.0155,5.88,9.45,3.85,27.2894,76.91,2.53,2.3834,2.7762,2.54,27.2894,3.24,20.3038,28.91,49.59,76.91,6.8794,2.53,5.8,28.91,28.55,5.88,78.02,49.59,3.85,6.15,0.0047,3.24,1900.0786,9.45,19.4386,6.15,43.83,28.55,13246.1409,43.83,4.75,4.93,5.8,2.54,4.93,13561.5379,4.75,78.02,92.3,10.07,4.92,47.52,78.61,41.58,85.45,38.68,15.93,11.5,26.49,8.16,35.85,27.53,64.37,14.98,71.82,"High-MMR","Medium-MMR","High-MMR","High-MMR"
"Kushtia",96.5,94.1,100,99.6,99.3,99.4,95.2,95.2,89.2,99.4,47.4,99.6,99.6,99.4,100,99.6,92.6,99.4,98.3,97.9,91.8,95.2,95.2,78.5,101.79,27.12,95.47,31.49,95.82,0.46,5,52.25,31.88,0.21,14.07,0.92,74.83,25,81.39,13.41,31.68,49.56,17.39,19.39,77.18,25.11,3.62,72.94,42.64,2.98,1.77,37.99,79.75,19.59,98.15,83.52,35.96,33.9,23,4.48,31.09,20.44,51.93,81.58,1.58,25.89,45.96,14.07,13.4,25.33,97.04,2.25,29.97,8.05,264.71,0,56.79,0.36,46.18,4.47,47.36,5.98,-53.6,98.8,102.2,-0.59,0.22,101.8,47.1,101.6,0.59,102.6,45.9,12.4,49.4,1300,-390,41.3,0.05,48.3,58.7,0.14,51.6,96.9,-2.5,1.6,0.14,52.8,76.825,100.9,0.84,102.5,11.57,11.11,12.19,21.2,0.0059,101.7,85.8,101.8,0.08,3.2,0.1892,0.22,3.8,8,0.0192,5e-04,82.73,46.3,101.9,98.1,101.7,1.3,26.3,-0.04,101.8,1364.3255,11.62,15.93,3.45,3.7087,78.57,1.63,0.7319,1.4544,2.11,3.7087,5.41,1.2735,22.69,43.16,78.57,1.5694,1.63,16.36,22.69,21.08,11.62,82.61,43.16,3.45,1.23,7e-04,5.41,212.3435,15.93,1.2735,1.23,41,21.08,2550.5671,41,1.38,12.95,16.36,2.11,12.95,1349.2377,1.38,82.61,92.48,9.63,3.86,53.06,77.24,84.31,84.43,39.22,11.36,15.34,57.3,6.25,40.11,68.5,52.49,38.83,64.86,"Low-MMR","Medium-MMR","Medium-MMR","High-MMR"
"Lakshmipur",88.8,85.4,99.2,97.7,97.1,98.2,88.9,89.1,93.6,98.2,38.5,97.7,97.7,98.2,99.2,97.7,81.4,98.2,93.1,95.1,82.7,89.1,88.9,63.5,96.45,28.71,98.87,22.92,69.5,0,3.06,48,80.74,0.12,0.16,0.51,68.23,25,74.88,15.71,30.22,50.9,10.97,17.74,73.31,21.73,2.37,74.88,6.54,5.08,1.1,32.69,87.65,9.25,97.37,73.85,38.17,38.28,21,1.08,22.58,17.66,40.58,59.72,0.17,24.43,66.16,13.84,13.44,38.7,99.05,2.23,26.78,1.83,349,0,51.96,4.31,46.94,3.06,31.14,5.52,-79.7,92.6,97.2,0.28,-3.7,97.9,46.5,97.7,1.93,97.9,43,6.9,39.3,643.2,11670,51.8,0.12,24.3,48.2,0.56,50.1,96,0.72,1.2,-3.9,52.9,72.687,98.1,0.09,99.3,15.52,16.67,10.53,-0.44,0.0193,97.3,83.2,98.2,0.38,16.8,0.3175,2.74,28.2,13.8,0.0229,0.0012,74.1,24.3,100.5,70.5,98.2,0.93,18.1,1.4,97.9,3196.332,4.38,9.54,4.31,21.1329,74.16,4.1,1.2755,5.4054,4.79,25.232,5.74,17.6356,34.99,45.5,74.16,5.6831,4.1,6.91,34.99,30.59,4.38,75.69,45.5,4.31,0.6,3e-04,5.74,1109.4396,9.54,13.2023,0.6,39.97,30.59,3820.3625,39.97,1.8,6.8,6.91,4.79,6.8,3121.4333,1.8,75.69,84,19.37,27.65,46.72,71.64,56.46,77.17,69.58,18.7,17.59,13.14,9.42,14.3,30.35,78.36,9.7,55.5,"Low-MMR","Medium-MMR","Medium-MMR","Medium-MMR"
"Lalmonirhat",88.8,87.9,100,98.2,98.9,98.5,91.8,92,96.2,98.5,42.1,98.2,98.2,98.5,100,98.2,83.4,98.5,93.5,97.1,92.7,92,91.8,69.7,105.22,33.9,93.31,20.71,72.56,0.11,3.54,49.61,77.67,0.61,0.24,2.58,72.24,24,79.36,17.81,37.24,48.73,15.32,18.99,83.89,22.43,3.7,71.47,19.58,2.31,1.39,35.52,88.27,25.65,97.11,81.67,34.89,62.15,21,6.59,18.46,11.16,31.87,51.32,1.07,24.18,53.78,8.48,3.41,29.78,93.65,7.8,28.39,4.18,333.75,0,59.66,0.61,46.63,3.76,40.02,6.44,-71.1,74.8,94.6,0.65,-3,96,45.8,95.3,1.34,96.3,44.7,3.8,38.3,4300,5205,38.8,0.17,48,61.2,1,58,93.3,1.5,2.8,-3,53.9,56.225,95.8,1.2,98.5,12.12,25,3.43,-0.23,0.0134,94,85.7,97.8,0.79,13,0.0271,0.38,22.6,42.4,0.0228,0.0017,81.55,51.1,95.6,75.1,96.9,3.9,17.3,2.3,95.9,4331.9241,0.27,18.04,5.35,22.1182,79.74,0.98,1.7847,3.9593,0.12,22.1398,0.41,12.7225,41.73,43.6,79.74,4.9642,0.98,10.96,41.73,28.68,0.27,81.97,43.6,5.35,0.11,0.0014,0.41,760.7504,18.04,12.2373,0.11,39.32,28.68,3447.5138,39.32,6.38,4.06,10.96,0.12,4.06,4289.7887,6.38,81.97,93.05,9.07,3.18,51.42,74.32,52.32,78.14,37.67,6.23,25.59,18.82,3.4,53.52,18.82,60.62,2.63,73.42,"Low-MMR","High-MMR","High-MMR","High-MMR"
"Madaripur",85.7,86.5,100,95.6,97.6,97.3,90,90.2,79.3,97.3,53.4,95.6,95.6,97.3,100,95.6,81.5,97.3,91.5,97.4,90.2,90.2,90,71.5,103.92,43.1,80.25,12.62,75.15,0,0.75,45.3,89.41,0.2,0.07,11.11,71.83,26,79.24,61.43,88.62,49.04,11.67,17.42,79.78,82.16,0.85,89.77,6.38,2.96,0.75,74.95,83.17,19.83,98.88,94.23,43.83,60.34,22,19.71,15.92,9.76,22.38,70.34,1.2,22.21,60.94,4.96,4.54,31.18,98.31,3.92,28.77,6.06,390.83,0,170.77,9.6,48.37,23.28,37.15,7.81,-44.8,73,98.3,-4,-1.8,99.2,32.1,98.7,0.72,104.3,36,40,28.8,436.5,3146,41.7,0.15,36.2,58.3,0.24,62.3,64.4,-0.72,1.5,-1.8,67.7,47.847,99.2,1.1,100.7,16.26,66.67,7.81,20.1,0.0072,92.7,86.5,99.8,3.5,8.8,0.4076,0.06,33.5,12.7,0.0155,0.0015,48.73,38,99.1,66.7,100.4,9.5,32.3,-3.6,99.4,3793.3582,4.51,15.35,7.55,14.0576,78.59,3.98,1.4841,2.149,4.67,14.2001,3.18,8.7108,21.91,49.53,78.59,2.2598,3.98,7.65,21.91,20.74,4.51,84.84,49.53,7.55,0.2,2e-04,3.18,503.3719,15.35,8.6673,0.2,50.16,20.74,3850.4832,50.16,1.53,9.01,7.65,4.67,9.01,3735.0776,1.53,84.84,72.75,13.53,22.1,44.08,73.51,43.73,76.89,111.91,0,15.89,18.66,0,24.5,37.32,80.22,12.54,58.87,"Low-MMR","High-MMR","High-MMR","Medium-MMR"
"Magura",90.2,88.4,98.9,95.1,99.2,94.3,88.8,89.1,83.9,94.3,50.7,95.1,95.1,94.3,98.9,95.1,84,94.3,94.9,98.5,88.9,89.1,88.8,73,100.51,14.39,79.92,18.44,92.03,0.56,0.84,49.32,44.6,0.24,7.6,0.99,74.28,25,79.35,8.87,23.08,49.87,16.89,19.56,80.66,14.49,2.13,73.04,39.53,2.17,1.41,24.77,84.99,20.26,94.45,70.83,36.27,14.39,24,19.79,17.87,9.29,27.72,67.38,1.97,24.6,50.65,7.6,11.35,27.2,98.58,0,30.22,9.72,315.62,0,37.57,0.18,46.73,2.96,49.12,3.38,-23.7,72.8,100.6,-0.43,4.9,102,63.6,101.8,1.02,102.1,50.5,21.9,47.1,4222.2,-6125,37.8,0.01,69.2,62.2,0.31,64.7,101.9,-2.3,1.5,4.9,36.4,26.126,100.7,0.95,102.3,9.33,18.18,3.44,21.2,0.0102,99,88.8,102,1.1,3.5,0.0305,0.27,3.3,76.1,0.0401,1e-04,68.94,74.3,102,98.4,101.7,2.2,35.4,0.17,102.1,1906.3057,11.25,9.2,5.78,7.0164,79.24,2.89,1.2221,2.8996,4.49,7.0434,6.96,3.8645,22.65,51.17,79.24,3,2.89,13.1,22.65,17.81,11.25,82.33,51.17,5.78,0.9,2e-04,6.96,188.5225,9.2,3.4237,0.9,44.55,17.81,1842.9939,44.55,1.62,7.63,13.1,4.49,7.63,1887.6981,1.62,82.33,88.72,11.86,4.27,49.25,75.25,45.39,81.71,36.52,11.72,15.02,23.5,6.11,19.47,34.9,66.81,14.86,71.54,"Low-MMR","Low-MMR","Low-MMR","Medium-MMR"
"Manikganj",94.4,91.7,100,99,98.9,98.3,93.9,94.4,90.3,98.6,48.8,98.8,99,98.3,100,98.8,89.7,98.6,96.6,96.8,88.1,94.4,93.9,69.7,99.69,0,90.13,20.4,87.06,0,3.49,50.58,81.18,0.13,0.13,0,74.94,25,82.6,3.18,6.36,50.08,13.48,18.35,74.06,7.18,0,88.56,13.31,4.02,0.72,9.43,82.83,14.76,89.84,88.89,44.34,5.59,22,9.7,21.63,15.27,35.67,67.76,1.03,25.33,54.47,9.84,6.43,28.93,97.81,1.54,29.46,6.94,304.22,0,13.53,0.42,47.21,0.92,32.59,6.46,-58.9,55.8,97.9,2.1,-4.2,100,34.4,99.9,0.32,98.7,41.9,11.7,30.2,98.8,8222,55.6,0.13,49.3,44.4,0.3,54.8,95.8,-2,-0.41,-4.3,65.5,32.857,102.4,-1.6,102,8.71,NA,5.74,18.2,0.0032,98.2,85.5,99.6,0.14,1.1,0.6088,0.39,17.1,13.9,0,0.0013,61.83,47.8,99.8,83.6,100.8,1.8,26.7,3.2,98.7,519.3172,11.4,14.22,5.66,2.1875,76.02,3.53,0.8488,0.8099,5.82,2.2434,6.37,1.1299,21.47,46.24,76.02,2.0432,3.53,14.49,21.47,16.47,11.4,80.69,46.24,5.66,1.41,0.0141,6.37,61.2055,14.22,1.1177,1.41,39.3,16.47,1002.4814,39.3,1.7,11.9,14.49,5.82,11.9,509.7483,1.7,80.69,80.24,7.33,14.91,48.86,72.91,51.21,78.27,112.41,35.54,11.41,46.06,18.91,13.66,56.36,53.93,33.21,70.12,"Low-MMR","Low-MMR","High-MMR","Medium-MMR"
"Maulvibazar",87.7,89.8,99.6,98.6,95.7,98,92.4,93.3,98.5,98.8,57.9,97.8,98.6,98,99.6,97.8,83.6,98.8,94,94.9,89.3,93.3,92.4,75.4,97.6,34.63,62.56,35.15,85.82,0.62,6.65,51.49,23.57,4.26,16.95,1.37,63.78,25,68.59,19.91,36.21,50.61,15.96,20.35,79.78,30.35,4.87,61.72,35.95,3.55,2.33,39.95,82.45,14.14,71.78,62.7,31.59,47.62,23,37.1,35.5,28.5,63.65,73.31,0.62,26.06,55.24,19.16,20.17,34.17,97.88,3.77,27.49,4.36,315.14,0,66.56,3.36,46.11,5.33,30.92,5.55,-58.2,39.4,91.1,1.6,-2.4,92.1,60.6,91.3,0.65,92.1,44,35.5,33.5,223.7,6608,38.1,0.05,73.3,61.9,0.71,60.1,94.2,6.2,3,-2.6,37.9,58.077,91.1,2.6,93.8,12.3,29.17,8.71,12,0.0065,89.4,86.2,93.4,0.34,3.6,0.6752,0.14,19.8,32.5,0.0546,5e-04,68.33,70.3,92.7,75,93.5,2.1,34.7,1.8,92.1,2561.8864,NA,NA,5.77,9.127,78.73,5.24,2.3973,2.8469,NA,9.3033,NA,5.5199,NA,45.88,78.73,4.2033,5.24,11.42,NA,17.24,NA,NA,45.88,5.77,NA,0.0033,NA,306.7938,NA,5.3361,NA,NA,17.24,2959.746,NA,6.37,8.08,11.42,NA,8.08,2513.9885,6.37,NA,90.95,10.84,6.04,51.33,64.84,63.89,69.72,32.39,5.93,31.96,39.55,3.17,32.77,49.73,62.95,23.49,49.22,"Low-MMR","Medium-MMR","Medium-MMR","High-MMR"
"Meherpur",89.2,84.9,100,97,97.3,97.9,88.4,88.4,90.6,97.9,35.8,97,97,97.9,100,97,82.2,97.9,92.4,94.9,83.9,88.4,88.4,60.7,100.56,40.82,88.4,29.88,95.45,0,5.01,51.84,7.04,6.16,7.84,1.11,75.14,24,81.98,14.85,33.4,49.86,17.37,18.19,71.07,23.38,1.01,68.84,44.72,2.97,1.48,37.85,85.76,21.34,97.43,64,34.2,40.82,21,11.54,33.96,24.12,54,95.96,1.67,25.85,44.98,13.55,35.85,29.04,98.99,0,30.49,7.83,260.44,0,56.78,1.17,46.74,2.97,41.13,4.64,-78.4,35.4,100.6,-0.54,-0.49,101.3,68.1,101.3,1.24,102.1,50.1,12.9,48.5,2808.3,532,50,0.67,31.2,50,1.4,55.2,76.2,-2.8,1.3,-0.68,31.6,76.682,101.5,0,102.8,6.74,0,2.91,14.2,0.0124,101.6,85.3,101.2,0.67,14.4,0.1407,2.04,10,21.3,0.057,0.0067,91.51,29.9,101.5,91.4,101.5,3,20.6,0.74,100.9,780.2271,10.99,18.5,2.13,1.5757,78.21,1.68,0.2343,1.3486,2.44,1.8619,3.9,1.116,29.28,36.56,78.21,1.3503,1.67,18.89,29.28,29.21,10.99,80.95,36.57,2.13,1.08,0,3.9,209.6767,18.5,1.0284,1.08,33.81,29.2,1702.7121,33.81,0.51,11.02,18.9,2.44,11.02,772.7027,0.51,80.95,85.11,14.95,9.8,52.53,77.5,85.29,86.79,45.88,22.24,13.71,90.75,11.45,42.14,90.75,56.18,37.68,67.62,"Low-MMR","Medium-MMR","Medium-MMR","High-MMR"
"Munshiganj",91.2,91.6,100,99.3,98.6,99.5,95.1,95.1,90,99.5,65.1,99.3,99.3,99.5,100,99.3,87.3,99.5,95.5,97.9,92.7,95.1,95.1,82.1,94.32,34.97,87.57,45.78,98.16,0.56,7.65,51.97,80.07,0.12,0.89,0.42,69.94,24,76.33,8.35,19.76,51.46,11.66,19.9,74.4,17.26,2.8,88.38,9.76,4.68,1.67,25.74,88.97,22.68,98.33,94.29,45.41,34.97,21,12.34,51.77,39.24,85.03,68.53,1.25,26.75,57.59,23.94,12.08,31.84,100,0,28.78,5.52,328.55,699.3,37.02,0.48,47.98,2.5,27.54,4.87,-49.5,82.3,97.4,4.1,-2.1,97.9,62.2,96,0.71,94.4,32.6,0.51,31.6,6900,4732,NA,0.06,64.7,NA,0.23,60.8,84.8,1.3,1.5,-2.3,37.8,63.333,97.2,0.95,98.7,12.95,0,4.04,17.1,0.0071,93.9,86.1,98.2,0.32,11.8,0.0056,0.55,25.7,59.1,0.009,6e-04,54.79,68,96,73.1,98.2,0.75,26.3,4.3,98,1445.5456,8.17,14.58,2.97,2.8261,69.82,3.24,0.3266,1.2755,3.94,4.2392,1.65,3.0756,19.14,50.17,69.78,1.3359,3.23,12.75,19.14,16.1,8.17,77.59,50.17,2.95,0.68,3e-04,1.65,117.2637,14.58,2.9084,0.68,51.84,16.12,2311.6698,51.84,1.09,13.7,12.75,3.94,13.69,1390.8656,1.09,77.59,91.9,22.24,41.6,50.73,83.07,87.33,94.03,100.16,0,37.66,70.73,0,57.02,73.67,72.75,60.5,45.62,"High-MMR","Medium-MMR","Medium-MMR","High-MMR"
"Mymensingh",91.8,89.4,99.7,99.2,99.2,99.2,93.1,93.1,96.5,99.2,53.1,99.2,99.2,99.2,99.7,99.2,86.9,99.2,94.2,96.7,89.8,93.1,93.1,77.6,100.18,22.61,95.64,21.46,75.41,0,2.7,46.69,62.54,1.58,11.26,0.46,73.98,26,78.32,13.35,24.56,49.96,13.93,18.95,82.67,19.65,1.03,82.53,18.14,2.85,0.76,27.43,77.96,14.27,98.62,82.03,41.24,27.83,21,4.3,22.94,15.89,37.35,55.9,1.12,23.32,62.46,10.94,7.5,32.25,98.29,1.21,27.66,7.85,377.28,0,44.2,3.31,47.06,2.97,19.28,4.22,-62.2,68.4,99.2,-18.1,-1.6,98.4,82.3,102.6,0.66,118.8,50,21,44.1,68.5,12188,47,0.1,61.9,53,0.2,41.4,91.8,-2.9,5.7,-1.6,16.5,57.803,97.1,3.5,102.9,7.6,60,5.83,36.5,0.0066,96.6,83.2,101.6,0.18,6.3,0.5618,3.11,20.8,26.2,0.0231,0.001,58.91,51.7,101.1,79.6,100.6,1.3,19.6,-15.4,100.5,2920.3135,6.29,11.06,5.15,5.9426,77.17,2.83,0.24,0.6141,5.86,6.2655,6.38,3.9062,18.72,61.37,77.17,1.9199,2.83,5.9,18.72,14.5,6.29,79.83,61.37,5.15,4.65,0.015,6.38,161.0707,11.06,3.7585,4.65,47.04,14.5,2385.8323,47.04,4.45,5.8,5.9,5.86,5.8,2890.1329,4.45,79.83,96.48,8.71,11.5,47.55,75.49,50.78,82.54,86.5,25.54,10.88,22.53,13.97,36.42,27.22,76.87,13.97,69.01,"Low-MMR","Medium-MMR","Low-MMR","High-MMR"
"Naogaon",91.5,91,99.6,98.8,99.2,98.8,93.9,94.1,91.8,98.8,53.7,98.8,98.8,98.8,99.6,98.8,88,98.8,94.8,98.5,94.9,94.1,93.9,81.9,101.65,29.29,83.19,19.22,78.06,0.06,2.45,51.64,6.3,2.87,53.74,0.88,75.86,24,84.22,9.93,24.65,49.59,15.32,13.96,55.89,14.95,0,78.11,27.59,3,0.82,25.53,80.69,20.09,86.51,88.17,38.7,41.84,21,14.43,19.28,9.87,29.09,69.39,1.4,25.61,42.81,6.54,10.24,29.76,97.55,3.07,31.46,6.98,246.67,418.41,39.6,11.04,47.06,3.27,39.49,5.43,-58.1,85.7,96.5,3.5,-1.7,97.8,41.8,97.3,1.22,95.4,45.4,8.8,39.9,544.3,4930,40.9,0.28,48.9,59.1,0.19,67.1,93.2,-0.24,3.8,-1.7,57.8,61.644,96.4,2.4,100.2,8.71,14.29,7.28,12.6,0.0122,95.3,86.7,98.5,0.06,11.8,0.4812,8.25,40.1,19.1,0.0235,0.0028,60.64,36,98.4,59.2,98.8,0.41,28,4.8,97.6,10085.9835,16.16,5.98,3.17,26.5274,78.74,2.48,6.0226,10.5222,5.11,27.7589,1.77,14.7607,26.91,56.76,78.74,11.6449,2.48,15.21,26.91,12,16.16,79.98,56.76,3.17,4.62,0.0016,1.77,696.7189,5.98,13.1375,4.62,39.45,12,9355.0653,39.45,4.48,5.91,15.21,5.11,5.91,9985.1958,4.48,79.98,97.41,4.9,4.96,50.61,76.21,48.95,85.66,49.76,9.31,16.1,41.44,4.57,11.35,44.63,53.19,28.2,72.99,"High-MMR","Medium-MMR","Medium-MMR","Low-MMR"
"Narail",83,84.8,99.2,96.9,96.1,97.7,90.2,90.8,84,97.7,36.4,96.9,96.9,97.7,99.2,96.9,78.8,97.7,89.3,93.9,83.9,90.8,90.2,60.6,98.9,40,91.23,31.63,95.53,0,5.55,49.78,62.95,0.15,1.14,0.37,72.85,24,79.75,16.83,30.15,50.28,16.32,18.5,76.13,23.49,3.88,68.85,30.53,4.61,2.03,33.3,87.62,18.31,99.39,63.64,34.85,50,21,8.49,34.96,29.78,61.41,54.37,1.85,25.03,55.26,18.87,8.94,30.24,97.09,2.41,28.74,10.1,337.26,1000,53.64,0.68,46.8,3.14,45.23,8.14,-50.3,55.7,98.6,-2.6,-4,99.2,41.7,97.8,0.69,102.5,41.9,40.6,41.8,288.2,3984,40.6,0.01,44.8,59.4,0.21,71.9,93.4,2.6,-6.6,-4.5,58.2,66.845,103.9,-5.5,97.4,8.06,0,4.76,19.8,0.0069,103.6,89.6,98.2,0.22,10.7,0.2368,-1.22,50.9,38.2,0.0062,1e-04,61.4,44.8,101.1,49,98.4,0.58,46.4,-5.3,98.9,973.0661,7.24,14.83,3.55,2.3924,79.2,4.65,0.5756,0.9271,5.08,2.3924,4.01,2.0833,19.82,50.2,79.2,1.0103,4.65,12.23,19.82,16.44,7.24,78.27,50.2,3.55,1.57,3e-04,4.01,99.3633,14.83,2.0799,1.57,47.44,16.44,1572.1136,47.44,2.46,10.46,12.23,5.08,10.46,960.437,2.46,78.27,100.33,7.82,2.97,46.12,74.96,48.04,86.61,37.42,21.51,9.15,45.37,10.55,15.84,50.16,61.82,33.74,64.16,"High-MMR","High-MMR","High-MMR","Medium-MMR"
"Narayanganj",84.9,82.2,99.4,95.8,97.5,96.5,86.1,86.4,93.6,96.5,49.6,95.5,95.8,96.5,99.4,95.5,76.7,96.5,91,97.3,86.9,86.4,86.1,71.8,101.65,41.04,94.25,64.63,98.23,0.89,11.73,54.39,48.58,0.03,1.75,1.84,73.29,24,79,45.09,76.43,49.59,14.41,17,65.37,70.84,0,58.77,24.68,3.3,2.35,85.18,90.94,10.15,59.24,59.26,29.02,52.24,21,5.7,68.75,54.04,118.67,81.29,0.38,26.97,49.14,35.83,27.08,34.53,96.4,2.63,27.34,3.75,317.18,0,147.27,0.13,43.56,15.16,39.01,5.14,-58.7,85.4,87.7,-0.8,-12.6,85.3,26.8,88.7,0.29,88,35.3,45.4,30.7,2300,52397,45.5,0.03,61.4,54.5,0.27,39,93.9,11,5.3,-12.8,72.9,43.646,84.2,3.1,89,16.77,100,7.43,4.2,0.0029,87.5,74.1,88.5,0.17,5.9,0.0073,-0.73,37.2,29,0.0021,3e-04,80,61.9,88.7,54.8,86.9,0.4,10.5,1.1,89.1,10601.5371,5.81,16.09,4,30.7076,75.38,3.35,1.3156,7.3255,4.98,33.9066,4.27,29.7688,24.28,50.95,75.38,25.9458,3.35,8.92,24.28,19.59,5.81,81.94,50.95,4,3.72,0.0201,4.27,1537.8617,16.09,28.9255,3.72,40.86,19.59,18360.9301,40.86,3.09,10.09,8.92,4.98,10.09,10496.9557,3.09,81.94,99.7,8.92,17.96,55.03,75.19,77.64,84.64,98.07,96.59,24.23,64.31,50.77,40.42,65.6,54.48,50.43,68.04,"Low-MMR","High-MMR","Medium-MMR","High-MMR"
"Narsingdi",86,85,99.8,96.5,97.3,97.5,89.5,89.5,89,97.5,56.6,96.5,96.5,97.5,99.8,96.5,80,97.5,91.3,96.7,92,89.5,89.5,77.5,92.39,12.2,96.76,24.88,93.45,0.41,3.92,48.05,52.15,0.39,15.68,0.33,71.59,24,77.73,13.3,26.43,51.98,13.33,20.07,81.65,27.9,3.2,81.56,19.36,5.22,0.82,37.03,78.18,13.7,98.1,82.26,42.27,28.46,22,3.17,25.45,18.68,43.56,57.2,0.49,24.98,63.32,13.38,14.89,28.78,98.4,3.91,27.15,3.57,371.97,406.5,54.33,1.93,46.95,3.67,23.69,5.06,-64.7,69,99.3,0.31,-1.1,100.6,35.1,100.7,1.13,100.2,49.3,12,33.5,1747.1,4099,55.3,0.29,44.6,44.7,0.05,48.5,81.1,-0.64,0.14,-1.2,64.1,76.17,100.5,-0.18,100.6,9.3,NA,9.01,9.6,0.0113,100.2,83.2,99.6,0.04,2.3,0.0484,0.34,8.2,40.9,0,0.0029,67,45.3,100.3,92.2,100.3,0.25,27.2,0.47,99.8,2136.0413,6.72,11.94,3.45,5.1148,75.82,5.02,2.5992,2.6708,5.2,5.1148,1.41,6.3932,16.01,49.87,75.82,3.672,5.02,9.83,16.01,20.9,6.72,77.7,49.87,3.45,0.43,0.0046,1.41,354.5526,11.94,6.372,0.43,58.3,20.9,3756.8587,58.3,1.07,9.87,9.83,5.2,9.87,2125.7572,1.07,77.7,97.45,13.12,24.4,54.71,73.95,56.55,78.88,97.93,35.5,29.66,30.57,17.23,11.71,30.57,67.81,21.1,57.41,"High-MMR","Medium-MMR","Medium-MMR","Low-MMR"
"Natore",85.9,84.1,99,97.5,99.8,99,88,88.5,89.9,99,47.8,97.3,97.5,99,99,97.3,79.1,99,91.6,98.4,90.5,88.5,88,70.8,104.18,8.7,90.61,14.28,77.72,0.67,1.85,53.26,22.69,8.62,23.97,0.76,75.42,25,81.49,7.47,20.32,48.98,16.46,19.31,75.02,13.1,0.86,75.66,39.84,2.4,0.67,23.01,79.95,27.38,98.91,74.67,36.92,13.04,22,8.59,14.11,7.14,21.41,69.96,2.27,26.08,43.06,4.79,7.76,27.2,98.71,1.46,30.7,8.28,245.1,0,33.42,1.92,46.87,2.18,27.56,6.3,-61.1,75.3,95.2,-0.11,-3.8,95.9,45.5,95.1,0.22,96.7,43.2,19.5,31.8,2228.6,7916,41.6,0.04,14.6,58.4,0.03,57,90.4,2.4,1.9,-3.8,50.5,52.5,95.8,0.87,97.6,9.56,80,6.65,24,0.0022,94.6,86,96.6,0.04,9.8,0.0501,2.41,20.4,4.8,0.0108,4e-04,59.29,13.8,96.4,76.9,96.6,0.46,28.5,0.88,96.1,956.7765,11.83,9.75,5.05,3.6392,82.23,2.42,0.6249,1.1664,4.35,4.2747,4.13,1.7485,21.33,49.68,82.23,1.2446,2.42,15.42,21.33,15.25,11.83,82.85,49.68,5.05,2.24,7e-04,4.13,95.0384,9.75,1.4992,2.24,46.37,15.25,1645.8041,46.37,1.58,10.6,15.42,4.35,10.6,944.0394,1.58,82.85,96.36,6.93,3.15,51.97,78.92,72.24,84.62,44.68,13.64,18.37,45.35,6.62,38.54,45.35,52.41,30.68,70.48,"Low-MMR","Low-MMR","High-MMR","High-MMR"
"Netrakona",87.4,86.4,99.7,96.5,97.7,97.3,89.3,89.3,89.9,97.3,55.6,96.5,96.5,97.3,99.7,96.5,81.7,97.3,92.4,96.6,91.4,89.3,89.3,79,103.49,30.04,86.21,28.77,77.01,0.07,6.26,47.21,76.85,2.5,0.73,0.07,69.03,25,75.35,3.24,6.26,49.14,15.14,16.39,71.56,5.49,1.27,86.26,14.5,2.34,1.48,7.1,80.24,18.08,98.8,84.81,42.21,38.63,23,13.68,28.98,22.65,51.42,66.53,0.28,23.2,59.57,14.7,6.21,31.44,98.73,1.93,27.95,1.56,336.39,0,11.75,5.86,47.61,1.34,21.44,5.56,-64.4,67.7,97,4.3,-3.6,98.7,66,97.3,1.4,95.2,46.9,15.9,44.9,444.6,12535,35.2,0.07,55.5,64.8,1.9,50.6,83.9,0.23,1.8,-3.6,33.1,27.407,98,1.6,99.8,14.65,16.67,4.58,48.3,0.014,95.4,85.4,98,0.27,3,0.5337,0.52,19.9,31.5,0.0161,7e-04,48.67,74.6,98,79.7,99.5,3.1,20.5,4.6,97.7,5266.841,6.24,16.86,4.23,12.9022,76.9,3.22,1.716,2.5394,1.01,15.6953,7.26,6.0867,11.81,57.15,76.9,3.5104,3.22,8.14,11.81,16.22,6.24,67.95,57.15,4.23,1.77,0.0026,7.26,417.0985,16.86,5.9967,1.77,55.04,16.22,5048.1815,55.04,5.37,5.66,8.14,1.01,5.66,5230.5631,5.37,67.95,90.63,21.58,14.8,40.65,76.34,37.29,87.34,150.05,0,22.9,5.07,0,13.96,7.46,98.26,5.07,39.9,"Low-MMR","Medium-MMR","Medium-MMR","Medium-MMR"
"Nilphamari",88.3,86.1,100,97.8,100,98.7,89.5,89.7,98.4,98.9,61,97.3,97.8,98.7,100,97.3,82.8,98.9,91.6,100,96.3,89.7,89.5,85,103.1,20.2,85.3,19.89,85.18,0.27,2,50.7,67.4,2.41,0.49,0.73,71.14,24,76.71,15.22,31.91,49.24,15.81,19.83,81.02,18.62,2.31,60.76,26.2,2.18,0.4,31.64,86.57,26.3,97.99,57.83,29.72,23.57,22,14.63,19.62,10.68,30.57,77.56,0.6,24.96,51.63,8.54,4.59,31.1,98.02,0.94,27.78,2.28,327.09,0,50.53,11.96,45.7,2.94,55.62,5.54,-54.6,49,96.3,2.1,-9.3,100,74.5,99.4,0.84,99.3,49.7,14,36.5,226.8,20966,36.9,0.11,35.7,63.1,4.1,53.5,74.4,-2.6,2.6,-9.4,25.2,73.481,99.9,1.6,102.6,14.14,6.25,7.87,27.5,0.0084,97,84.3,98.5,3.3,15,0.6298,1.67,19,17.5,0.0427,0.0011,76.57,29.4,100.5,82.2,101.4,4.1,33.9,3.2,97.9,2411.3978,4.38,14.17,4.68,6.9427,80.82,1.68,1.7591,1.8838,3.62,6.9427,5.2,4.0407,14.52,49.11,80.82,3.1892,1.68,12.35,14.52,21.78,4.38,82.12,49.11,4.68,4.32,0.0057,5.2,312.922,14.17,4.0211,4.32,53.79,21.78,1481.8938,53.79,6.65,3.75,12.35,3.62,3.75,2389.8146,6.65,82.12,97.62,6.03,4.59,51.39,71.62,41.73,78.26,34.47,15.58,20.15,38.85,8.54,66.93,44.37,58.43,20.18,71.96,"Low-MMR","Low-MMR","Medium-MMR","High-MMR"
"Noakhali",87.7,87.3,98.5,96.5,96.7,97.8,91,91,89.1,97.8,42.9,96.5,96.5,97.8,98.5,96.5,84.1,97.8,91.4,95.6,88.2,91,91,69.1,95.7,29.13,98.47,20.32,65.7,0,2.27,48.18,78.49,5.67,0.28,1.19,68.24,25,75.72,14.68,28.92,51.1,11.53,25.46,105.22,22.89,15.08,75.63,7.49,4.77,0.84,32.67,84.47,6.13,96.39,92.66,38.84,38.83,20,1.44,20.61,13.15,33.47,60.31,0.3,24.62,69.32,9.74,11.6,35.9,98.28,2.76,25.81,4.84,403.92,0,51.8,3.86,46.86,3.26,33.67,5.39,-67.3,81.5,97.7,-1.2,-5,95.6,54.3,97.2,0.78,97.5,39.8,5.7,33.2,380.7,26653,37.5,0.33,28.7,62.5,2.8,36.7,93.7,1.7,3.8,-5,45.3,45.699,94.5,1.8,98.3,18.22,3.45,7.66,-1.5,0.0078,96.6,82.6,102.7,1.2,14.4,0.2345,-0.17,3.5,29.9,0.178,0.0033,62.44,39.2,97.8,92.9,96.3,5,13.3,0.83,96.7,1782.6963,6.04,16.49,2.82,9.1173,75.05,3.89,0.9867,2.4683,3.76,10.1788,7.46,5.6729,23.83,48.03,75.05,2.9877,3.89,9.47,23.83,23.96,6.04,76.3,48.03,2.82,2.04,0.0021,7.46,346.1765,16.49,5.0848,2.04,40.38,23.96,3150.6907,40.38,1.75,10.07,9.47,3.76,10.07,1739.9159,1.75,76.3,86.95,19.45,22.43,47.87,70.7,57.99,79.64,60.85,19.15,32.8,18.06,10.47,16.26,28.79,82.02,15.1,48.6,"Low-MMR","Medium-MMR","Medium-MMR","Medium-MMR"
"Pabna",90.7,88.1,100,98.2,100,98.2,92,92.2,79,98.2,53.6,98.2,98.2,98.2,100,98.2,85.6,98.2,93.3,99.7,91.5,92.2,92,76.8,104.27,13.65,96.18,17.04,94.2,0.27,1.67,51.49,67.55,1.13,4.38,0.49,74.57,25,80.17,7.23,14.99,48.95,16.4,15.8,63.76,10.84,0.67,70.09,18.92,2.42,0.7,16.77,81.1,13.38,98.56,71.95,34.33,27.3,23,3.79,17.74,10.09,27.13,62.08,0.86,25.21,51.71,7.01,10.87,28.36,98.32,3.23,29.04,6.45,302.85,341.3,25.83,0.49,46.88,1.35,34.42,4.42,-57,74.8,98.5,-1.7,-4.2,99.2,50.6,98.4,0.85,101.7,42.3,14.2,36.6,118,17282,75,0.03,49,25,3.6,50.5,106.3,-0.08,1,-4.5,48.6,51.697,99.1,0.77,100.1,10.85,12.82,10.46,11.5,0.0085,98.9,82.2,99,1.9,3.6,0.9111,-18.78,28.6,29.6,0.0435,3e-04,60.14,39.9,99.3,71.4,99.9,5.3,23,-1.7,98.8,3884.1812,7.29,12.28,4.02,8.6242,77.52,5.23,1.0673,1.8326,6.81,8.6242,6.95,10.9544,20.48,47.05,77.52,3.8505,5.23,8.21,20.48,23.54,7.29,78.51,47.05,4.02,4.41,0.0071,6.95,516.5508,12.28,10.141,4.41,41.78,23.54,5223.4321,41.78,2.71,9.24,8.21,6.81,9.24,3853.4527,2.71,78.51,103.81,8.67,4.16,51.46,78.78,72.19,86.5,44.07,14.84,10.54,44.07,7.67,33.36,50.43,59.73,27.22,73.85,"High-MMR","Medium-MMR","Low-MMR","High-MMR"
"Panchagarh",91.4,88.4,100,96.9,99.7,96.3,88.9,89.4,91.7,96.3,52.3,96.9,96.9,96.3,100,96.9,83.7,96.3,96.3,98.9,94.3,89.4,88.9,79,105.68,62.11,82.94,22.08,39.18,1.01,2.02,52.09,65.23,4.64,4.3,0.25,72.33,25,78.62,9.34,20.95,48.62,15.28,20.32,83.71,9.84,0,75.47,25.11,1.82,0.88,20.32,88,25.36,99.17,82.5,36.52,74.53,21,16.61,22.21,13,35.08,72.02,2.02,25.32,50.95,9.97,2.32,30.69,95.83,3.55,27.96,7.96,320.45,0,30.79,5.35,45.25,0.88,14.13,5.05,-42.2,74.8,105.8,0.28,-1,104.7,69,104.9,0.62,105.7,45.6,12.4,35.2,1004.2,1439,39,0.01,60.4,61,5.8,68.1,85.3,-4.8,0.69,-1,30.4,70,104,1.8,104.8,12.13,66.67,4.93,21.7,0.0062,103.5,87.7,106,1.4,14.3,0.2133,1.14,40.9,16.3,0.0142,1e-04,89.24,65.3,105.2,62.6,106,7.1,34.3,-0.87,105.1,2653.3602,7.44,4.57,5.57,9.041,80.53,2.27,0.2786,1.4319,3.64,10.1088,6.42,4.5351,21.3,53.06,80.52,2.1258,2.27,6.78,21.3,21.24,7.44,83.2,53.06,5.57,9.26,0.0017,6.42,320.4088,4.57,4.0196,9.26,47.37,21.23,1390.9967,47.37,7.37,3.71,6.79,3.64,3.71,2637.9002,7.36,83.2,94.22,3.23,0.46,53.45,78.33,70.12,81.74,44.26,8.47,8.97,44.76,4.65,55.49,51.34,59.38,30.15,72.26,"Low-MMR","High-MMR","Medium-MMR","High-MMR"
"Patuakhali",85.6,84.8,99.5,97.3,95.9,97.4,89.7,90.8,89.1,98.5,38.1,96.2,97.3,97.4,99.5,96.2,79.9,98.5,90.5,94.9,82,90.8,89.7,58.7,105.28,28.25,92.05,39,64.55,0.42,6.98,49.36,82.73,0.28,0.11,1.63,75.5,25,82.41,17.48,31.28,48.71,18.92,18.58,77.71,26.03,1.12,55.93,7.74,1.72,1.63,33.38,92.75,17.58,93.98,70.07,27.18,42.37,21,7.85,42.04,34.64,73.64,67.42,1.73,24.04,53.37,22.99,9.02,40.5,99.44,3.83,28.85,9.85,324.22,282.49,57.32,0.8,46.57,4.83,41.31,7.72,-66.6,84.5,100.3,-0.16,-1.8,100,62.6,99.4,2.29,100.5,50.4,16.9,40.9,1913.3,3993,39.5,0.46,49.8,60.5,0.16,60.4,91.1,-1.5,1.6,-1.8,33.8,38.79,99.9,0.42,101.5,11.59,36,5.02,18.8,0.0229,99.3,87.1,99.7,0.26,8.1,0.4233,7.62,21.6,38.4,0.1526,0.0046,54.32,48.8,99.4,78.7,100.3,1.6,27.7,1,100,1514.7724,4.72,15.06,7.27,6.5042,79.22,3.18,1.0429,1.82,4.23,6.6349,12.88,4.2267,18.5,45.18,79.22,2.7684,3.18,6.77,18.5,29.06,4.72,73.61,45.18,7.27,3.64,0.004,12.88,286.3065,15.06,3.99,3.64,40.96,29.06,1250.6859,40.96,3.84,4.69,6.77,4.23,4.69,1489.325,3.84,73.61,94.12,12.83,5.82,48.97,76,57.72,83.88,23.41,7.1,20.24,18.8,3.58,19.86,30.83,70.11,12.43,63.82,"Medium-MMR","Medium-MMR","High-MMR","Medium-MMR"
"Pirojpur",90.4,91.4,99.7,99.2,99,99.3,94.3,94.8,86.8,99.7,47,98.6,99.2,99.3,99.7,98.6,87,99.7,95,97.9,89.9,94.8,94.3,67.6,99.32,72.87,77.12,49.38,80.1,0.89,8.56,48.74,78.56,0.39,0.06,2.73,73.27,25,80.68,27.97,52.7,50.17,21.01,18.23,77.27,47.39,5.86,55.75,7.8,3.14,4.13,60.23,94.72,18.38,72.09,70.77,28,80.97,22,22.82,49.68,40.45,89.83,68.75,3.17,24.45,54.83,27.46,13.29,36.3,96.48,2.07,30.17,17.27,335.75,404.86,100.09,0.09,48.48,9.15,59.37,9.6,-49.5,57,100,0.62,-6.1,101.1,55.4,99.9,0.44,100.1,42.1,9.2,35.7,466.7,8673,41.4,0.02,66.9,58.6,2.7,56.8,195.1,-0.24,0.3,-6.3,44.5,50.73,99.9,0.51,100.2,8.96,100,2.44,4.1,0.0044,99.7,86.6,100.4,1.3,1.4,0.5851,0.06,5,27.3,0.0041,2e-04,61.48,87.2,99.9,95.7,100.4,4.5,26,0.15,101.3,1134.7035,5.68,7.76,5.7,3.99,76.18,6.04,0.3705,0.8568,4.33,4.0146,8.13,4.1796,26.5,51.56,76.18,1.1071,6.04,5.94,26.5,19.75,5.68,75.56,51.56,5.7,4.7,0.0011,8.13,119.0647,7.76,4.1492,4.7,42.91,19.75,1192.6273,42.91,4.32,6.69,5.94,4.33,6.69,1106.1815,4.32,75.56,91.98,16.69,7.15,50.3,78.23,52.81,83.62,24.64,8.29,11.36,30.02,4.37,16.75,34.95,71.71,19.35,51.4,"High-MMR","High-MMR","High-MMR","Medium-MMR"
"Rajbari",87.2,86.7,100,98.2,99.3,98.4,91.5,91.7,80.6,98.4,53.7,98,98.2,98.4,100,98,81.6,98.4,92.4,98.6,93.8,91.7,91.5,75.9,104.93,7.81,88.72,16.18,90.1,0,3.35,50.82,76.19,0.78,1.13,0.44,74.02,24,80.25,19.24,32.66,48.8,19.52,18.66,75.25,32.95,3.12,83.23,20.53,2.41,1.02,43.15,87.49,18.52,99.64,92.86,40.66,7.81,23,11.24,16.91,10.06,26.24,71.09,0.29,24.8,51.75,4.96,4.47,25.3,100,0,30.13,1.57,305.18,0,65.61,0.42,47.46,2.77,69.27,4.08,-60.6,95.5,94.2,0.83,-0.02,94.9,46.3,94.4,1.63,94.7,47.7,11.1,41.6,2244.4,110,NA,0.78,48,NA,0.39,57.3,90.3,4,2.1,-0.08,52.1,73.563,93.9,1.6,96,14.96,100,6.85,20.3,0.0163,92.9,86.5,95.6,0.27,1.6,0.0764,0.14,15.5,115.3,0.0052,0.0078,61.33,56.5,94.3,80.7,95.5,1.5,30.8,1.3,94.9,1687.1767,8.38,11.19,6.82,12.9048,77.55,3.8,0.5207,1.3342,6.03,13.1224,6.09,5.7639,25.67,46.95,77.55,2.8454,3.8,9.71,25.67,18.43,8.38,78.91,46.95,6.82,3.55,0.0045,6.09,202.4785,11.19,5.6989,3.55,39.09,18.43,2988.4619,39.09,3.56,10.72,9.71,6.03,10.72,1658.7658,3.56,78.91,98.09,17.91,35.97,57.2,72.57,40.06,71.36,312.55,64.1,8.58,34.86,34.6,47.49,36.87,64.17,24.94,64.96,"Low-MMR","Low-MMR","Low-MMR","High-MMR"
"Rajshahi",88.7,89.1,100,98,96,98.4,92.5,92.7,96,98.6,52.4,97.6,98,98.4,100,97.6,84.8,98.6,93.3,92,87.7,92.7,92.5,75.2,101.22,27.49,92.09,46.84,79.24,0.82,9.48,55.3,8.11,2.29,12.64,1.32,71.71,24,76.07,22.36,48.54,49.7,29.81,16.05,59.8,37.57,6.39,20.16,32.97,3.15,1.77,52.24,90.47,17.29,84.55,26.69,9.84,31.41,23,7.7,50.96,37.82,84.66,87.34,2.08,27.48,40.14,22.46,44.25,24.73,97.7,1.16,30.34,12.03,232.1,0,86.11,0.56,46.11,10.19,41.81,4.96,-67.9,65.9,106.9,0.82,-13.1,107.6,60.4,106.7,0.19,106.9,47.7,14.9,41.9,277.3,35209,100,0.01,37.5,0,0.17,54.4,81.2,-15.6,6.8,-13.1,39.6,70.213,107.7,0.04,115.6,11.14,50,3.35,9.7,0.0019,106.1,82.7,106.8,0.14,22.1,0.1034,0.72,20.8,8.1,0.0072,1e-04,66.77,44.5,107.3,85.3,107.8,0.38,11.9,7.5,107.1,10008.2947,9.5,21.29,3.96,39.3928,81.76,1.66,7.9725,14.2959,1.85,44.2582,3.9,16.8569,22.16,43.47,81.76,35.5758,1.66,14.58,22.16,19.24,9.5,83.57,43.47,3.96,1.59,0.0237,3.9,1443.5265,21.29,15.4863,1.59,39.72,19.24,28342.3251,39.72,2.26,14.83,14.58,1.85,14.83,9898.0724,2.26,83.57,95.08,5.18,3.15,54.08,75.51,72.14,80.23,32.84,26.93,14.17,64.5,14.09,53.12,68.33,48.87,40.18,74.46,"Low-MMR","Medium-MMR","Medium-MMR","High-MMR"
"Rangamati",85.3,87.4,98,92.2,96.8,93.9,86.6,86.8,90.4,93.9,53.2,92.2,92.2,93.9,98,92.2,81.3,93.9,91.6,94.3,84.5,86.8,86.6,63.6,104.22,95.89,36.68,14.34,47.35,0.17,2.05,52.14,57.09,6.3,17.91,0.17,71.58,26,71.66,16.39,28.33,48.97,15.12,12.46,53.48,24.07,8.75,70.35,14.83,2.12,0.51,33.28,82.49,10.92,55.23,97.3,34.27,95.89,22,1.64,16.21,11.44,25.77,45,0,25.53,53.02,7,3.94,34.02,91.25,0,28.6,0,252.37,0,52.4,1.86,45.78,2.56,12.39,6.32,-44.6,94.1,94.8,0.53,1.9,95.5,66.5,92.1,0.52,95.9,48.4,35.8,30.9,193.1,-843,NA,0.26,35.8,NA,0.27,67,95.5,3.5,1.7,1,32.3,50.968,94.9,0.64,96.5,8.47,0,5.74,26.6,0.0052,88.6,89.4,95.2,0.22,6.7,1.1671,3.42,12.6,13.3,0.0236,0.0026,84.38,34.8,91.7,84.3,95.5,1.1,25.8,0.65,95.2,890.626,3.48,12.95,9.2,4.6076,81.86,5.61,0.2086,0.2472,3.98,4.7563,15.61,1.8635,16.43,48.86,81.86,0.672,5.61,6.17,16.43,17.79,3.48,82.04,48.86,9.2,1.04,0.0013,15.61,82.3366,12.95,1.6163,1.04,46.51,17.79,1416.7423,46.51,3.52,8.86,6.17,3.98,8.86,883.8614,3.52,82.04,106.03,6.96,50.54,53.27,71.03,13.45,70.15,161.6,99.39,4.94,13.45,47.5,8.97,13.45,60.33,8.97,70.8,"Low-MMR","High-MMR","High-MMR","Low-MMR"
"Rangpur",86.2,85.5,99.5,98.2,97.7,98.3,90.2,90.4,97.5,98.3,47.4,98.2,98.2,98.3,99.5,98.2,80.8,98.3,91,96.9,91.7,90.4,90.2,74.8,100.79,19.38,92.27,52.31,90.8,0.44,10.09,52.32,45.86,1.36,5.18,1.77,71.05,24,75.32,33.11,60.49,49.8,26.54,18.82,73.71,52.51,1.33,27.69,32.02,3.06,2.04,66.21,89.5,16.76,97.2,27.1,13.63,26.16,23,7.6,57,44.73,97.04,74.55,0.88,26.06,46.05,27.91,17.93,24.95,98.01,2,29.39,5.22,280.39,290.7,113,5.33,46.42,11.91,53.57,5.65,-52.8,52,96.8,2,-8.2,97.4,52.7,96.7,1.7,96.5,41.6,10.3,31,336.9,29534,37.5,0.09,19.3,62.5,2.8,51.6,75.3,-0.46,3.8,-8.3,46.2,41.176,96.7,1.7,100.5,10.73,45.74,5.01,12.6,0.017,95.6,84.4,98.4,1.8,18.1,1.5015,0.5,9.1,9.7,0.1788,9e-04,66.98,18,97.4,89.5,98.4,8.6,25.2,3.9,97.4,7949.6072,5.51,11.18,5.48,32.4367,78.16,2.47,2.6474,6.4615,4.33,32.6614,4.1,15.0747,22.56,48.3,78.16,17.1896,2.47,7.43,22.56,23.24,5.51,82.61,48.3,5.48,4.68,0.0212,4.1,1162.3929,11.18,14.3298,4.68,47.65,23.24,6411.9742,47.65,7.46,5.61,7.43,4.33,5.61,7880.1501,7.46,82.61,88.53,8.48,5.55,50.93,74.87,45.29,80.73,38,13.01,26.14,31.57,6.71,21.01,37.19,59.05,13.79,65.32,"Medium-MMR","Medium-MMR","Medium-MMR","Medium-MMR"
"Satkhira",87.6,84.7,99.6,95.7,97.2,96.2,90.7,90.7,86.8,96.2,39.7,95.7,95.7,96.2,99.6,95.7,80.9,96.2,91.5,94.3,85.1,90.7,90.7,65.1,103.02,13.56,74.74,20.42,71.02,0.2,2.06,52.14,6.4,5.6,36.03,0.73,74.65,24,82.08,6.59,18.82,49.26,15.65,19.62,76.92,11.04,4.71,75.99,33.21,2.5,1.8,21.42,84,19.16,76.16,87.5,37.69,13.56,23,24.5,21.68,14.5,34.92,70.03,1.86,25.68,46.64,9.38,19.86,30.39,99.33,0,30.53,9.72,274.83,338.98,29.87,0.75,46.55,1.13,36.3,3.72,-57.9,63.5,99,1.2,-0.38,99,46.7,99.3,0.57,98.5,40.9,23.1,36,1052.7,879,35.1,0.13,62.2,64.9,0.11,64.7,85.9,0.64,-0.09,-0.38,53.3,43.968,99.5,0.22,99.4,7.14,42.86,2.88,24.1,0.0057,96,88.3,98.9,0.07,0.78,0.4791,0.19,24.5,37.7,0.0432,0.0013,63.1,61.6,99.3,75.3,99.7,0.78,30.3,0.91,99.4,1376.4664,5.51,13.12,4.18,3.0888,79.8,2.76,0.7123,2.2041,12.92,4.0265,6.4,2.0327,19.05,51.66,79.8,2.4984,2.76,10.72,19.05,19.35,5.51,80.44,51.66,4.18,3.87,0.002,6.4,138.6726,13.12,1.916,3.87,39.12,19.35,1883.8804,39.12,3.66,7.66,10.72,12.92,7.66,1359.3486,3.66,80.44,100.62,6.09,3.85,53.15,77,56.28,83.48,42.33,5.81,28.33,58.72,3.14,42.02,66.28,51.65,44.44,71.03,"High-MMR","Low-MMR","Low-MMR","High-MMR"
"Shariatpur",87.3,89.3,99.8,98.3,98,97.8,92.6,92.6,75.4,97.8,60.4,98.3,98.3,97.8,99.8,98.3,82.8,97.8,94.7,97.2,92.2,92.6,92.6,77.7,100.32,5.75,99.66,30.55,60.81,0.13,4.96,47.14,95.2,0.5,0.06,0.8,70.24,25,74.94,11.93,27.2,49.92,8.68,23.32,99.09,17.69,0,91.68,2.8,3.12,2.28,30.82,87.71,22.38,99.63,85.71,45.68,11.49,21,0.28,28.28,23.05,53.6,67.82,0.94,23.53,63.39,18.09,1.5,46.06,100,1.88,27.32,4.19,361.27,0,44.89,0.44,48.34,1.34,30.72,6.57,-65.4,84.3,96.5,-0.03,-0.38,97.3,43.4,104,0.91,98.2,51.1,7.7,36.6,201.6,712,0,0.01,16,100,1.7,59.7,83.8,1.9,1,-0.41,56.4,50,97.1,1.1,98.1,12.04,0,6.14,12.7,0.0091,94.7,87.4,98.2,1.7,16.5,0.7606,0.19,21.1,9.6,0.0086,1e-04,43.89,19.3,98,77.4,98.2,2.2,43.3,-0.13,97.3,1408.1787,3.62,19.04,4.4,4.618,78.1,6.4,1.4106,1.4461,3.81,4.618,1.94,6.194,23.7,46.37,78.1,1.6588,6.4,6.84,23.7,21.84,3.62,82.39,46.37,4.4,1.09,7e-04,1.94,172.0011,19.04,6.1743,1.09,46.8,21.84,1977.4284,46.8,2.57,11.57,6.84,3.81,11.57,1380.5794,2.57,82.39,88.78,16.64,21.66,44.21,76.6,37.1,75.86,191.95,0,20.24,14.25,0,9.5,19,86.5,14.25,69.78,"Low-MMR","Low-MMR","High-MMR","Low-MMR"
"Sherpur",85.1,85,98.4,95.6,98.9,96.4,88.5,88.5,92.5,96.4,49.2,95.6,95.6,96.4,98.4,95.6,81,96.4,90.1,98.1,90.6,88.5,88.5,74.1,102.76,37.04,93.24,22.3,89.48,0.28,3.09,46.96,88.75,0.95,0.79,0.42,77.38,26,82.19,14.45,28.33,49.32,12.18,18.94,84.19,20.76,3.6,84.26,6.52,3.27,1.12,31.28,65.08,13.47,99.63,77.42,41.53,37.04,23,6.71,21.18,15.43,37.73,51.08,1.26,23.16,65.79,12.34,3.05,26.24,97.12,0,29.1,9.38,336.19,0,49.1,1.52,48.01,2.95,22.66,4.35,-61.7,48,98.2,1.1,-3.8,99,51.5,95.9,1.33,98.2,31.7,22.2,19.3,2278.6,7375,80,0.2,31,20,2.1,55.9,90,-0.14,1.4,-3.8,47.9,72.941,98.8,0.57,100.1,11.74,50,7.74,23.3,0.0133,92.7,85,99.9,1.5,2.9,0.1253,1.41,21.6,21.9,0.0814,0.002,61.5,30.5,97.8,77.9,99.3,3.8,30.2,1.9,98.9,1740.9704,4.91,10.54,6,6.6093,79.66,3,0.0434,0.943,2.91,6.6093,5.34,2.5455,20.73,52.68,79.66,1.2429,3,6.79,20.73,21.47,4.91,82.47,52.68,6,3.04,0.0013,5.34,259.5113,10.54,2.5401,3.04,52.53,21.47,1888.4244,52.53,3.82,6.24,6.79,2.91,6.24,1725.2618,3.82,82.47,92,6.27,13.22,54.68,72.82,56.93,72.65,105.98,69.55,29.47,34.62,37.49,49.76,40.23,55.17,25.96,67,"Low-MMR","Medium-MMR","Low-MMR","High-MMR"
"Sirajganj",86.9,86.3,98.3,96.4,98.2,97.5,91.4,91.4,88.3,97.8,41.8,96.4,96.4,97.5,98.3,96.4,83.8,97.8,89.9,96.4,81.4,91.4,91.4,62.9,104.67,27.54,93.53,25.56,76.56,0.3,3.88,48.89,86.31,0.2,1.23,0.43,74.85,25,80.59,15.94,30.38,48.86,14.22,20.11,85.98,21.64,0.41,73.54,9.23,2.2,1.79,31.91,79.76,17.9,97.45,78.05,35.98,31.78,21,6.4,23.69,16.79,42.35,53.32,1.07,23.89,56.07,13,5.62,30.98,97.93,1.21,28.58,5.95,341.05,0,52.02,1.54,46.79,3.75,33.82,5.24,-79.2,67.7,100.9,-0.82,-6.6,99.6,68.8,99.9,1.36,101.1,45,20.1,41.8,152.8,29512,43.3,0.01,50.5,56.7,2.5,44.7,93.8,-1.6,2.1,-6.6,30.5,53.254,99.4,0.87,101.6,10.52,27.78,7.39,9.3,0.0136,98.7,81,100.1,1.2,10.1,3.5526,3.06,24.1,36.6,0.0664,1e-04,52.57,33.4,100.6,76.1,100.3,2.6,16.1,0.48,100.2,10872.7659,2.6,18.62,1.98,23.0382,77.62,3.49,3.4452,4.7596,4.82,23.2303,1.4,28.5838,24.59,51.42,77.62,5.7552,3.49,4.01,24.59,25.54,2.6,80.31,51.42,1.98,1.82,0.0014,1.4,1505.5259,18.62,28.1733,1.82,46.16,25.54,18023.7281,46.16,2.5,11.04,4.01,4.82,11.04,10786.0889,2.5,80.31,96.61,9.92,4.93,47.1,78.21,42.34,87.8,45.72,12,11.22,25.28,6.32,14.6,27.12,67.93,12.23,64.17,"Low-MMR","Medium-MMR","Medium-MMR","Medium-MMR"
"Sunamganj",74.7,77.9,97.7,92.9,94,94.1,81.6,83.3,95.6,94.3,56.3,91.7,92.9,94.1,97.7,91.7,68.5,94.3,84.6,93.1,84,83.3,81.6,71.9,99.44,35.01,84.06,22.85,70.93,0.26,3.25,47.17,45.67,1.46,18.85,0.91,63.79,25,67.19,14.89,28.19,50.14,12.66,21.36,92.65,23.8,0.15,61.26,17.17,2.64,1.27,31.05,76.36,13.07,88.31,62.5,30.58,41.1,23,15.61,23.8,19.31,42.17,52.97,0.36,23.65,68.21,13.85,18.13,35.37,97.48,1.65,26.04,2.74,382.82,0,51.98,2.19,46.68,5.14,30.03,4.42,-73,77.6,97.8,0.83,-2.1,98.4,73.2,98.5,0.76,98.7,44,26.2,34.1,210.7,9687,44.6,0.04,65.8,55.4,2.6,47.3,96,0.77,0.35,-2.4,26,21.176,98.9,0.21,99.2,15.04,100,9.07,11.5,0.0076,97,83.9,99.6,2.1,1,0.5941,-0.26,10.3,14.3,0.0163,4e-04,49.17,59.1,99.5,89.2,99.1,2.2,23,0.56,98.3,831.826,3.68,15.3,4.31,3.4898,78.03,5.14,0.7771,0.9015,4.77,3.7736,12.97,1.3465,23.65,47.29,78.03,1.2883,5.14,10.17,23.65,17.66,3.68,115.11,47.29,4.31,1.05,0.004,12.97,70.425,15.3,1.2848,1.05,38.57,17.66,1346.3503,38.57,4.99,10.44,10.17,4.77,10.44,821.5195,4.99,115.11,95.83,25.19,4.17,44.67,64.28,28.01,72.28,38.54,8.49,18.92,12.86,4.47,10,13.86,87.31,5.3,44.71,"Low-MMR","Medium-MMR","Low-MMR","Low-MMR"
"Sylhet",88.5,86.7,99.5,97.7,93.5,98.8,90.5,90.8,97.3,98.8,51.7,97.4,97.7,98.8,99.5,97.4,83.8,98.8,91.9,92.4,84.7,90.8,90.5,69.1,97.43,13.79,85.95,50.39,95.35,0.29,10.3,52.28,17.74,0.59,7.73,1.99,60.4,26,63.57,28.96,49.84,50.65,21.65,17.89,68.35,44.53,3.26,29.16,42.21,3.68,2.77,53.9,85.63,9.65,64.3,34.94,14.86,21.46,25,13.72,52.29,45.13,95.52,70.15,0.34,26.48,54.7,30.16,32.19,30.73,98.86,1.91,26.73,3.55,310.56,306.51,94.37,2.54,45.48,9.53,50.76,4.28,-72,72.4,98,2,-6.7,98.5,72.2,98.3,0.55,97.9,47.8,18.8,45.8,250,35598,66.7,0.07,59.3,33.3,0.33,43.4,93.1,-0.04,2,-6.8,27.6,53.868,98.1,1.6,100,14.63,100,10.88,2.5,0.0055,96.5,81.7,99.9,0.29,1.5,0.1196,0.04,7,21.8,0.0028,7e-04,64.25,53.8,99.8,92.8,99.6,1.8,19.9,2.2,98.5,6489.2619,8.88,12.72,5.82,23.9037,75.04,4.88,7.5999,10.9255,2.04,24.3054,9.81,14.9972,17.67,41.55,75.04,13.3631,4.88,12.15,17.67,18.96,8.88,75.45,41.55,5.82,3.51,0.0044,9.81,1060.2082,12.72,14.251,3.51,45.36,18.96,16814.4192,45.36,3.87,12.77,12.15,2.04,12.77,6313.3337,3.87,75.45,95.77,18.23,5.61,48.59,61.95,50.21,67.91,23.47,14.39,31.73,24.4,7.24,22.83,34.94,74.16,13.88,50.11,"Medium-MMR","Low-MMR","Low-MMR","Medium-MMR"
"Tangail",88.6,88.1,99.2,96.5,98.1,97.8,90.6,91,85.4,97.8,55.3,96.5,96.5,97.8,99.2,96.5,83.4,97.8,93.3,96.6,89.2,91,90.6,74.3,97.02,20.45,93.33,23.61,91.06,0.27,3.25,47.67,84.11,0.39,3.95,0.27,74.13,25,82.78,6.73,11.45,50.76,16.88,19.6,82.67,8.82,2.67,81.57,6.5,4.32,1.25,11.18,86.43,17.15,96.84,78.38,41.31,29.55,22,6.62,23.08,15.55,39.16,63.25,1.2,24.19,54.36,11.58,8.33,26.21,98,2.79,30.34,7.01,305.29,454.55,20.27,0.65,48.92,2.09,33.24,4.94,-53.6,71.2,95.4,-0.59,4,95.6,25.9,96.4,1.27,97,49.7,28.7,42.4,165.7,-19062,43.4,0.2,45.2,56.6,1.9,57.7,88.5,2,2.6,4,73.8,79.112,95.4,1,98,9.89,18.52,4.93,13.4,0.0127,94.5,85.3,96.9,0.94,6,0.8149,0.29,22.5,37.7,0.0282,0.002,80.84,63.9,96.9,74.8,96.4,3,31,0.96,96.1,19984.4773,6.03,12.51,4.88,46.4288,76.52,2.73,4.7651,14.3314,3.71,48.5741,5.21,31.5301,18.65,53.64,76.54,19.1171,2.72,9.38,18.65,16,6.03,78.87,53.63,4.89,2.97,0.0056,5.21,1831.427,12.51,30.6843,2.97,50.91,16,27658.522,50.91,3.1,10.27,9.39,3.71,10.26,19806.0595,3.1,78.87,91.35,12.1,18.67,51.69,76.17,78.05,85.27,92.22,18.68,6.48,33.59,11.09,8.35,36.66,56.05,14.07,59.37,"High-MMR","Medium-MMR","Medium-MMR","Low-MMR"
"Thakurgaon",88.7,85.7,99.8,95.7,98.8,96.8,84.9,86.3,94,96.8,59.9,94.3,95.7,96.8,99.8,94.3,80.6,96.8,94.8,98.3,93.4,86.3,84.9,81.3,105.58,34.65,77.82,19.9,75.87,0.29,2.24,51.83,16.12,22.59,18.75,0.39,71.36,24,77.71,15.22,32.59,48.64,19.92,19.71,80.5,22.63,0,70.93,42.96,1.89,0.39,35.41,84.27,21.66,97.2,75.47,34.43,34.65,21,21.87,19.61,10.83,30.73,53.85,0.78,25.21,48.85,8.49,5.26,28.2,97.12,0,28.42,3.6,299.46,0,55.22,10.98,45.31,4.2,48.02,5.17,-69.3,66.9,98.9,1.1,-1.8,98.8,37.2,98.9,0.81,99.9,40.2,13.8,35,196.8,4247,32.9,0.12,51.9,67.1,0.02,62.7,72.6,-1.6,2.6,-2.4,62.6,37.563,99,1.3,101.6,14.6,60,4.18,14.5,0.0081,98.8,86.6,99.8,0.61,26.1,1.5107,1.32,37,26.1,0.0463,0.0012,76.06,41.6,100.2,63.7,100.2,0.13,28.4,1.6,98.9,1762.207,6.66,14.57,4.2,6.7166,77.95,0.76,0.186,2.1403,2.53,7.1268,2.51,2.1038,26.28,48.67,77.95,2.6485,0.76,8.74,26.28,26.26,6.66,80.87,48.67,4.2,3.24,0.0019,2.51,279.6768,14.57,1.4778,3.24,44.21,26.26,863.2102,44.21,7.59,3.78,8.74,2.53,3.78,1749.5359,7.59,80.87,104.35,5.57,1.15,51.46,74.27,51.85,81.62,30.27,11.37,7.37,36.14,5.64,51.85,40.63,62.27,27.35,74.67,"Low-MMR","Medium-MMR","Medium-MMR","High-MMR"
