DistrictCode,DistrictName,DivisionCode,DivisionName,FuzzRatio,Geo,Unit,CBSS.1,CBSS.2,CBSS.3,CBSS.4,CBSS.5,CBSS.6,CBSS.7,CBSS.8,CBSS.9,CBSS.10,CBSS.11,CBSS.12,CBSS.13,CBSS.14,CBSS.15,CBSS.16,CBSS.17,CBSS.18,CBSS.19,CBSS.20,CBSS.21,CBSS.22,CBSS.23,CBSS.24,CBSS.25,CBSS.26,CBSS.27,CBSS.28,CBSS.29,CBSS.30,CBSS.31,CBSS.32,CBSS.33,CBSS.34,CBSS.35,CBSS.36,CBSS.37,CBSS.38,CBSS.39,CBSS.40,CBSS.41,CBSS.42,CBSS.43,CBSS.44,CBSS.45,CBSS.46,CBSS.47,CBSS.48,CBSS.49,CBSS.50,CBSS.51,CBSS.52,CBSS.53,CBSS.54,CBSS.55,CBSS.56,CBSS.57,CBSS.58,CBSS.59,CBSS.60,CBSS.61,CBSS.62,CBSS.63,CBSS.64,CBSS.65,CBSS.66,CBSS.67,CBSS.68,CBSS.69,CBSS.70,CBSS.71,CBSS.72,CBSS.73,CBSS.74,CBSS.75,CBSS.76,CBSS.77,CBSS.78,CBSS.79,CBSS.80,CBSS.81,CBSS.82,CBSS.83,CBSS.84,CBSS.85,CBSS.86,CBSS.87,CBSS.88,CBSS.89,CBSS.90,CBSS.91,CBSS.92,CBSS.93,CBSS.94,CBSS.95,CBSS.96,CBSS.97,CBSS.98,CBSS.99,CBSS.100,CBSS.101,CBSS.102,CBSS.103,CBSS.104,CBSS.105,CBSS.106,CBSS.107,CBSS.108,CBSS.109,CBSS.110,CBSS.111,CBSS.112,CBSS.113,CBSS.114,CBSS.115,CBSS.116,CBSS.117,CBSS.118,CBSS.119,CBSS.120,CBSS.121,CBSS.122,CBSS.123,CBSS.124,CBSS.125,CBSS.126,CBSS.127,CBSS.128,CBSS.129,CBSS.130,CBSS.131,CBSS.132,Year
72,Netrakona ,30,Dhaka,56,National,National,94.4,90.0,63.8,100,50.6,42.2,43.4,29.3,84.4,52.5,32.6,68.3,73.2,52.4,92.1,71.6,65.9,75.8,79.4,67.3,74.9,54.5,6.3,57.9,62.1,62.5,5.3,65.2,79.6,61.4,35.3,52.4,47.8,90.6,72.8,30.8,39.6,84.8,45.9,0.2,45.3,85.0,39.6,90.2,73.8,93.0,72.4,80.8,85.1,72.0,41.8,48.2,36.8,17.1,92.8,23.7,28.8,41.9,17.7,35.7,3.8,69.6,59.0,27.3,6.4,7.3,20.4,45.3,89.7,48.4,34.3,54.0,22.5,96.9,54.4,63.6,24.2,76.6,50.0,32.5,38.2,35.0,32.2,31.7,40.6,51.7,41.4,82.3,44.7,83.0,54.3,28.7,89.1,31.4,50.3,9.6,71.9,45.2,16.9,61.3,94.7,17.3,24.9,17.6,6.6,6.8,12.0,4.7,5.3,82.8,14.4,2.9,26.8,17.9,53.7,39.4,69.3,68.8,64.6,51.1,11.8,60.6,48.6,55.8,46.8,72.5,70.6,49.2,42.5,58.9,10.0,8.5,2016
01,Bagerhat ,40,Khulna,94,Bagerhat,Bagerhat,97.3,95.4,73.0,100,49.7,49.3,49.3,28.9,86.3,56.5,47.1,72.9,84.6,64.8,95.9,82.9,67.4,79.5,82.2,77.4,72.0,47.8,5.8,60.2,68.5,57.6,5.8,77.3,85.4,64.9,35.8,71.1,67.2,99.2,80.1,43.9,55.3,95.9,59.8,0.3,52.8,85.7,26.4,95.1,82.8,97.9,87.9,90.6,92.5,80.0,60.4,34.6,33.7,12.2,97.5,40.5,39.9,40.6,14.1,32.7,2.3,61.2,61.7,22.1,7.5,8.7,31.4,45.7,90.2,64.3,32.1,74.9,19.7,97.6,72.0,81.8,17.2,85.1,50.6,21.1,50.9,42.8,41.6,41.5,49.7,57.2,50.7,88.9,42.4,88.6,67.7,37.3,93.6,31.3,26.5,1.3,92.3,33.3,5.3,55.3,97.4,19.2,19.7,9.6,3.4,10.7,13.6,27.0,27.0,61.6,9.3,0.8,13.3,11.8,73.2,49.9,81.8,80.4,78.0,57.2,14.9,63.2,51.7,57.9,51.7,80.3,76.9,74.4,37.4,40.8,7.3,5.0,2016
03,Bandarban ,20,Chittagong,95,Bandarban,Bandarban,97.2,84.4,87.9,100,24.8,21.6,21.6,3.7,97.0,81.2,36.1,84.5,66.2,55.0,93.3,72.7,66.0,85.4,90.0,72.8,72.7,57.5,6.2,84.4,84.4,61.4,10.6,68.0,77.4,70.1,46.8,70.7,54.9,87.2,60.5,25.5,37.8,94.2,38.8,0.0,32.9,77.3,22.8,95.7,51.4,100.0,51.4,63.6,99.0,60.5,62.3,52.1,54.8,15.4,93.0,23.6,46.5,50.4,17.3,5.3,4.7,65.3,83.4,4.8,7.3,4.5,12.4,48.3,83.2,79.4,34.9,0.0,39.1,100.0,93.4,100.0,46.9,83.3,50.6,47.9,25.4,20.9,22.3,23.4,48.6,57.9,52.9,87.9,30.5,85.1,69.1,53.2,92.4,16.2,71.1,0.0,24.6,69.1,18.8,31.4,96.8,13.0,41.8,36.2,3.5,4.9,20.2,37.4,47.0,77.8,4.9,15.2,55.4,2.1,42.4,22.4,66.9,65.6,65.0,63.8,3.0,65.2,46.1,58.3,53.5,60.2,59.3,47.5,56.4,33.1,20.7,9.2,2016
04,Barguna ,10,Barisal,93,Barguna,Barguna,90.0,81.5,68.1,100,59.4,35.2,40.6,43.7,83.6,66.8,37.9,68.2,76.1,49.8,100.0,81.7,85.2,89.7,92.4,71.8,82.9,69.8,7.1,80.5,85.7,36.6,1.1,78.1,67.1,62.4,42.6,69.9,51.3,99.1,89.5,67.6,75.4,92.7,50.5,0.0,58.8,93.5,70.1,100.0,88.6,98.0,91.8,87.8,98.7,88.5,43.6,45.9,42.1,19.4,99.2,28.1,28.2,26.5,18.6,38.9,1.7,36.6,73.7,17.6,4.2,4.5,15.0,73.0,84.7,36.0,55.5,29.4,56.2,100.0,56.5,53.9,29.4,83.7,59.7,30.3,58.2,52.0,51.7,51.1,59.4,74.9,62.1,97.1,47.5,94.6,66.2,47.5,95.7,19.6,60.2,14.1,96.4,0.7,15.1,66.7,99.6,36.6,37.1,30.4,8.9,11.4,15.4,25.3,25.4,71.3,5.8,0.1,3.3,14.6,81.7,36.8,58.7,57.6,55.1,38.4,2.8,68.6,30.6,58.4,44.0,88.5,87.9,54.3,63.3,69.5,22.3,26.5,2016
06,Barisal ,10,Barisal,88,Barishal,Barishal,94.6,84.6,59.7,100,53.8,55.9,60.0,32.9,89.2,61.0,37.4,68.0,85.2,59.8,95.3,66.7,66.7,82.3,84.6,76.5,77.4,56.2,6.5,47.8,66.2,39.3,2.0,72.4,87.5,73.7,35.5,56.3,52.8,89.5,79.1,38.5,51.0,81.0,44.2,0.4,45.3,80.4,38.1,87.5,50.4,93.3,67.8,72.2,83.6,66.8,46.2,47.4,29.4,16.0,94.2,31.9,39.0,44.1,16.7,16.6,4.7,60.6,64.5,26.6,1.6,7.3,32.3,36.6,80.8,42.1,24.8,59.4,34.0,88.3,53.4,58.7,42.0,86.4,65.9,22.5,53.4,49.9,44.4,44.3,50.8,63.1,52.0,90.0,54.0,90.7,55.9,30.4,93.2,49.0,41.1,4.4,68.5,44.0,14.2,61.0,98.7,20.2,25.9,21.1,7.9,5.1,11.8,14.9,15.0,77.2,32.8,0.0,12.0,11.1,76.2,50.9,66.1,65.3,62.8,54.6,22.0,67.2,61.6,65.8,55.8,82.9,82.4,67.8,40.4,60.2,9.3,10.2,2016
09,Bhola ,10,Barisal,91,Bhola,Bhola,90.9,89.7,78.7,100,61.5,37.0,37.0,39.6,77.3,64.0,25.0,76.8,76.8,58.0,93.5,82.1,60.6,64.2,80.2,57.6,80.6,52.1,6.5,59.3,63.3,46.2,5.9,67.4,74.5,43.6,42.9,42.2,47.7,84.0,59.8,29.6,41.2,93.6,27.5,0.7,25.6,83.3,52.0,89.4,81.9,97.2,83.1,84.0,94.9,78.3,36.5,61.4,51.2,21.9,95.5,22.3,27.5,23.0,22.9,48.7,4.4,66.9,71.7,12.5,3.2,12.6,20.1,60.6,93.2,53.3,53.9,46.2,16.4,99.1,37.0,60.9,26.0,68.9,69.8,31.4,52.9,46.2,42.9,40.7,50.5,60.0,54.7,77.4,54.8,81.6,59.3,48.5,91.4,21.4,20.6,7.5,74.9,33.5,16.4,68.2,97.1,25.7,32.3,18.8,9.9,12.1,27.7,3.0,3.0,71.9,18.1,2.7,24.6,9.6,58.4,31.6,66.8,66.0,61.5,53.9,8.6,70.0,45.0,56.0,41.7,73.6,74.1,62.1,49.7,82.7,14.3,17.4,2016
10,Bogra ,50,Rajshahi,83,Bogura,Bogura,88.0,85.9,56.3,100,53.9,32.2,34.5,24.8,68.4,67.1,43.7,72.9,78.1,61.7,91.4,92.1,78.1,87.0,88.2,72.5,81.3,54.3,6.4,75.1,63.3,76.9,8.5,49.6,75.0,40.0,24.9,42.6,30.6,95.8,86.6,29.8,43.5,88.1,57.1,0.0,57.3,88.4,34.0,97.2,87.7,94.1,77.2,89.4,84.8,74.8,52.0,56.0,38.8,13.0,92.4,36.6,43.1,31.3,11.0,28.8,2.8,73.2,55.6,26.3,11.0,7.0,35.8,43.4,96.0,42.4,30.3,66.8,19.9,94.0,49.7,56.6,16.3,67.0,32.1,28.0,31.9,29.9,25.0,24.3,29.2,42.2,30.1,71.9,30.1,73.2,36.5,26.9,83.6,30.0,74.0,16.1,82.9,28.8,31.6,68.0,91.0,13.9,17.6,11.8,6.1,6.4,8.9,1.5,2.0,91.1,11.1,3.6,26.5,19.9,53.0,39.9,63.4,63.2,61.0,44.6,8.5,53.7,45.0,51.2,44.7,65.7,63.1,40.2,32.4,53.4,7.0,5.6,2016
12,Brahmanbaria ,20,Chittagong,96,Brahmanbaria,Brahmanbaria,94.7,92.2,56.6,100,23.4,51.1,54.0,13.9,90.7,28.0,26.9,60.7,76.1,47.7,88.4,55.8,43.1,48.7,69.5,45.9,58.0,47.2,5.6,37.6,42.9,55.0,3.3,49.9,80.4,73.7,27.9,55.2,34.2,77.9,50.8,12.6,21.0,72.6,30.8,0.0,32.0,80.7,25.8,85.3,68.6,95.2,69.5,83.7,87.6,74.1,28.2,54.1,42.3,21.2,87.7,10.2,12.9,48.9,5.0,3.1,4.3,77.5,73.1,16.6,4.6,5.7,24.7,28.9,89.2,45.4,25.5,26.2,19.2,97.2,47.8,58.3,21.2,62.8,41.4,29.5,31.5,31.5,26.3,25.2,30.1,40.8,37.0,82.9,41.4,79.0,39.0,22.7,87.3,25.5,55.3,16.5,84.0,67.4,9.0,58.5,98.7,12.4,16.4,3.5,2.9,7.7,20.5,4.3,4.3,86.8,16.0,0.1,27.8,14.3,56.5,35.3,56.4,56.4,48.6,43.2,1.7,50.3,30.3,47.4,37.4,65.4,65.4,39.1,36.0,68.3,10.4,17.0,2016
13,Chandpur ,20,Chittagong,94,Chandpur,Chandpur,92.3,85.1,56.0,100,47.4,36.2,37.4,33.6,92.4,65.3,47.3,65.2,66.4,40.9,89.3,88.5,74.0,79.6,89.3,70.7,84.4,65.1,7.1,57.2,55.1,56.2,1.1,77.0,80.9,64.2,45.6,60.4,55.3,97.0,88.9,46.8,52.1,91.1,59.1,0.0,52.7,89.1,46.2,95.8,88.1,88.1,67.7,88.5,81.2,70.7,48.5,54.7,40.4,8.9,95.2,30.5,29.4,40.9,19.3,30.6,4.6,57.5,68.3,19.7,4.3,7.6,26.7,56.2,95.7,58.1,40.0,30.7,29.4,98.7,68.7,76.7,25.9,77.8,46.2,38.9,33.3,30.0,22.6,20.9,36.1,59.4,43.1,88.2,40.2,88.7,50.6,46.5,94.7,46.0,39.9,0.8,79.0,41.4,18.3,51.9,97.5,31.5,42.4,5.7,5.8,5.8,15.2,21.9,21.9,82.2,6.3,0.2,8.4,14.9,76.2,53.8,73.1,72.8,65.2,59.9,4.6,73.1,33.4,62.8,34.3,79.4,76.0,63.0,63.6,51.5,23.9,14.4,2016
15,Chittagong ,20,Chittagong,57,Chattogram,Chattogram,92.9,87.4,56.0,100,61.5,42.9,42.9,41.9,85.1,67.9,31.5,68.1,72.1,51.3,91.3,67.1,71.3,82.0,80.9,68.5,77.1,55.8,5.9,50.5,52.9,47.9,4.1,76.3,83.6,63.8,42.7,40.8,51.8,91.8,86.8,41.5,51.9,98.3,70.1,0.2,69.5,84.2,48.2,89.7,75.0,95.1,69.1,79.5,82.6,77.0,40.6,59.3,43.7,23.8,93.9,16.0,20.8,39.9,21.4,48.6,3.1,72.6,62.6,26.1,4.4,6.9,15.5,50.9,92.9,58.1,43.3,71.8,18.4,94.7,57.7,71.2,20.5,68.0,48.5,26.1,37.4,36.7,35.0,34.4,32.2,45.3,37.7,80.3,43.0,79.7,49.2,34.3,90.9,23.4,17.9,3.0,67.6,64.9,16.1,61.3,89.7,24.6,37.2,16.5,5.8,9.5,16.3,3.2,3.4,83.7,48.4,0.7,23.5,21.0,53.2,42.6,70.2,69.7,66.6,60.5,8.4,61.8,57.4,52.9,50.9,74.5,73.1,50.7,55.6,46.5,11.0,9.1,2016
18,Chuadanga ,40,Khulna,95,Chuadanga,Chuadanga,94.0,90.9,37.4,100,48.1,17.3,17.3,12.2,72.6,64.3,49.5,63.6,79.6,54.8,95.9,78.0,88.7,87.7,81.1,67.7,72.4,43.3,5.6,70.5,70.5,54.6,4.1,69.1,67.6,51.9,18.6,59.8,48.0,97.7,90.8,38.4,42.0,96.5,84.9,1.8,84.8,88.4,22.6,97.1,77.3,96.5,81.9,80.2,78.7,71.4,52.4,34.8,24.1,10.7,94.9,28.3,31.4,39.3,17.3,7.8,2.3,70.4,73.5,14.8,9.8,1.9,24.1,25.0,69.3,63.1,10.8,60.8,19.6,100.0,74.3,81.7,12.0,89.9,49.4,28.0,44.8,42.4,31.3,32.6,50.0,73.6,48.3,85.2,45.9,88.7,59.2,32.1,87.7,31.6,50.1,11.8,92.9,64.3,25.5,65.7,99.3,19.8,16.4,23.4,6.9,7.3,8.6,0.1,0.1,94.5,0.7,1.0,35.9,13.8,49.9,42.8,84.2,83.1,79.5,42.0,22.2,75.1,59.7,72.3,46.4,86.3,80.5,65.6,55.1,66.2,13.9,11.8,2016
22,Cox's Bazar ,20,Chittagong,91,Cox'sBazar,Cox'sBazar,80.9,80.5,66.9,100,70.2,15.8,17.0,26.4,73.6,74.4,9.3,66.6,75.9,50.1,91.0,80.7,69.9,67.4,77.4,65.6,73.8,52.8,6.3,62.4,32.1,47.8,5.9,75.6,90.9,30.4,30.7,20.6,48.5,94.0,79.6,20.5,34.2,92.7,36.0,0.0,38.0,89.1,54.4,72.5,66.1,78.8,82.4,62.5,83.3,76.9,52.5,68.2,43.6,15.2,90.1,33.7,37.7,42.7,7.6,68.4,3.3,82.3,64.8,22.3,3.4,9.5,13.8,52.5,96.3,50.8,47.6,74.0,46.3,98.0,52.1,61.9,21.6,71.7,61.4,35.2,32.7,32.9,33.8,31.6,42.8,53.9,56.0,77.1,44.1,73.9,47.8,46.3,82.3,30.4,37.8,11.0,67.8,37.2,28.8,77.4,95.4,22.3,52.3,33.3,15.9,4.6,11.0,11.5,13.1,78.5,16.2,0.9,38.6,9.0,51.5,31.0,45.0,44.2,37.0,32.9,5.5,44.0,44.8,37.9,32.8,53.1,52.5,30.1,52.0,59.5,20.7,15.1,2016
19,Comilla ,20,Chittagong,80,Cumilla,Cumilla,91.8,86.4,63.2,100,48.7,43.1,44.8,34.2,76.9,60.9,26.7,83.5,74.3,62.3,89.5,75.1,70.0,76.7,86.4,77.4,81.9,69.8,7.6,43.9,45.7,64.0,4.7,69.4,82.3,63.8,49.8,56.0,51.3,89.0,61.4,25.8,33.3,77.4,33.1,0.5,36.5,85.9,37.9,90.2,82.7,91.8,78.3,81.1,87.0,73.5,40.0,74.7,51.6,39.5,91.9,21.8,30.3,38.1,10.1,17.6,3.1,71.1,50.5,29.7,8.0,11.8,13.5,60.1,89.2,54.8,47.4,64.1,36.4,95.9,52.8,68.1,7.7,64.6,44.9,32.3,36.0,35.3,35.2,34.9,38.9,44.3,41.9,74.4,41.8,75.9,46.3,43.5,83.7,23.7,51.8,19.2,57.1,67.0,14.8,69.4,89.5,29.5,40.2,15.0,6.0,7.1,10.7,8.6,10.0,82.6,3.8,0.8,16.1,23.6,57.4,43.8,70.6,70.1,64.2,59.2,6.1,53.9,42.5,50.8,49.7,68.2,66.9,45.4,64.3,65.3,21.0,20.7,2016
26,Dhaka ,30,Dhaka,91,Dhaka,Dhaka,96.1,90.9,59.9,100,67.1,39.8,43.2,20.4,85.8,64.9,35.7,68.8,78.8,56.5,89.0,88.0,78.7,88.3,89.7,76.9,84.0,63.7,7.0,72.3,62.8,87.3,4.3,82.4,92.8,91.7,56.4,62.1,67.6,96.9,89.8,49.7,57.2,94.5,80.7,0.3,78.7,85.7,32.8,94.8,78.3,94.7,70.4,82.5,85.9,70.1,47.2,52.2,33.5,17.2,90.7,24.6,28.5,30.4,19.5,12.4,4.4,72.4,29.6,60.4,4.9,5.1,27.3,47.0,90.7,41.8,32.2,47.1,18.7,96.0,46.9,52.2,31.4,82.7,56.5,26.9,46.6,42.1,42.9,44.6,45.7,55.5,44.8,87.2,53.8,85.7,72.5,26.4,93.1,47.4,64.6,17.2,63.1,27.3,18.0,56.9,96.4,19.4,20.1,27.1,8.6,10.3,16.0,0.4,0.4,92.1,23.2,0.1,2.5,39.0,58.3,54.8,84.9,84.8,83.6,71.4,20.7,72.3,59.2,72.9,61.4,79.5,81.6,53.9,40.9,58.8,5.4,5.5,2016
27,Dinajpur ,55,Rangpur,94,Dinajpur,Dinajpur,96.2,89.9,82.2,100,70.7,58.6,58.6,22.6,94.0,70.3,10.8,82.5,69.8,56.5,96.4,69.5,79.4,91.7,90.3,80.5,76.0,56.2,6.0,71.1,73.9,99.8,9.5,72.9,79.2,54.8,41.2,42.0,54.1,91.5,84.0,53.4,63.1,92.7,68.2,0.4,58.0,94.6,62.7,91.4,79.6,95.0,85.1,75.5,87.1,77.0,53.2,52.4,45.4,23.9,97.1,16.7,23.6,36.3,18.7,47.0,2.3,63.2,52.0,28.0,14.5,5.5,7.6,60.7,97.3,61.0,49.1,46.9,32.2,97.6,70.2,83.4,35.5,82.9,70.6,45.8,35.3,34.1,31.5,32.5,49.0,62.0,52.7,78.6,60.8,90.9,64.8,35.2,88.8,29.2,42.7,7.8,72.1,47.3,27.6,71.3,98.6,26.3,28.1,31.6,10.9,7.7,11.9,1.0,1.4,88.2,3.1,18.1,45.5,11.8,38.0,32.9,84.6,83.7,81.5,73.1,13.6,62.4,52.4,54.8,45.4,75.9,74.6,52.0,51.5,69.8,13.0,11.3,2016
29,Faridpur ,30,Dhaka,94,Faridpur,Faridpur,93.3,87.7,75.0,100,29.0,41.8,41.8,35.8,65.2,53.0,25.1,65.4,63.2,39.4,90.0,81.3,73.0,74.1,79.3,67.7,78.0,59.6,6.7,70.7,78.2,45.0,4.1,55.9,66.0,63.4,26.5,63.2,36.6,96.2,75.2,22.0,31.5,97.4,56.1,0.7,57.9,90.4,25.3,89.4,80.7,92.5,77.6,86.5,83.4,68.1,41.6,55.4,43.4,9.2,92.3,23.0,28.5,51.1,17.2,15.6,8.3,44.7,62.0,24.3,6.6,7.1,27.5,36.2,98.1,58.2,29.5,0.0,36.5,100.0,58.2,68.1,15.0,62.7,34.9,42.7,22.9,21.0,21.0,20.0,31.2,33.4,33.1,78.7,33.9,79.7,40.0,30.6,86.4,19.5,50.2,7.6,63.6,50.0,16.4,64.7,86.7,21.3,14.5,8.3,14.7,7.9,6.4,0.8,0.8,82.4,7.6,0.0,13.5,5.4,80.6,50.3,69.9,68.6,66.0,41.6,11.7,59.7,38.2,62.3,36.0,67.8,64.9,59.3,51.5,64.2,12.8,7.8,2016
30,Feni ,20,Chittagong,89,Feni,Feni,93.2,88.0,77.2,100,60.3,17.2,17.2,54.4,89.9,49.2,9.3,47.1,35.1,17.4,83.9,61.8,59.2,65.7,73.8,69.3,76.0,57.0,6.5,31.8,52.5,104.0,0.0,68.2,71.6,61.5,41.2,63.5,48.3,83.5,67.9,18.7,36.1,99.4,40.9,0.8,35.7,80.1,53.9,87.1,83.5,86.0,79.3,69.0,83.8,66.1,35.0,86.7,39.6,27.9,92.3,20.2,29.0,40.1,22.0,4.9,4.1,72.3,70.8,19.0,2.1,8.0,10.6,57.9,94.5,24.0,55.6,40.0,9.8,100.0,24.1,33.6,13.3,64.6,53.5,21.6,47.2,50.7,50.3,49.5,26.7,35.9,32.7,89.5,48.5,61.5,42.7,36.5,91.7,20.2,72.6,1.4,4.3,65.5,13.3,73.7,95.4,20.1,32.8,8.8,5.9,8.0,10.5,11.4,11.9,72.7,40.1,0.0,21.7,18.0,56.8,44.8,57.8,57.6,52.4,43.3,4.4,57.3,40.8,56.2,32.5,57.2,55.4,29.2,35.0,45.9,7.5,0.9,2016
32,Gaibandha ,55,Rangpur,95,Gaibandha,Gaibandha,98.2,84.0,73.5,100,44.5,50.2,50.2,19.0,89.9,58.9,39.2,74.6,68.7,56.6,92.7,77.1,66.6,74.8,80.3,67.9,81.5,64.6,6.7,72.2,72.6,66.2,8.5,54.7,71.1,35.1,20.5,39.2,39.4,90.0,85.4,45.1,55.2,86.0,35.5,0.0,34.9,83.2,38.8,93.0,73.8,93.9,79.9,83.8,88.1,68.6,43.0,40.4,39.7,13.7,95.5,12.1,20.0,43.7,15.9,52.7,3.0,68.0,52.2,31.6,11.1,5.1,6.4,37.2,81.0,47.3,26.1,30.5,15.8,98.2,53.9,66.0,11.9,78.5,49.7,24.0,49.9,47.3,45.4,43.4,46.4,59.9,48.0,82.9,37.9,85.0,49.5,34.7,83.0,26.2,87.6,13.6,80.7,34.7,10.8,82.6,94.5,13.0,26.4,47.3,6.9,12.1,7.0,0.4,0.6,83.5,23.2,13.0,47.8,13.5,37.3,25.8,72.3,72.1,64.5,54.7,4.5,57.4,32.4,45.9,30.1,69.2,64.5,46.4,40.6,53.6,13.4,9.3,2016
33,Gazipur ,30,Dhaka,93,Gazipur,Gazipur,92.2,87.3,39.2,100,64.0,30.7,32.1,30.5,74.0,63.5,53.7,77.5,80.3,64.5,95.7,81.8,77.4,84.4,84.6,77.0,87.9,69.6,6.9,72.9,83.0,98.5,16.1,82.4,91.4,84.7,49.8,48.5,63.9,93.2,91.3,56.8,62.6,91.9,66.5,0.0,63.2,92.6,33.2,89.9,68.2,94.0,77.9,72.7,71.3,74.4,55.6,37.9,28.0,12.6,92.5,29.7,30.9,40.4,12.6,7.4,4.1,65.3,39.5,48.2,6.1,6.1,27.8,51.9,91.3,39.0,32.7,73.1,17.6,97.8,65.2,72.0,24.2,84.4,47.9,30.0,47.5,39.3,35.7,34.3,44.0,49.2,38.8,83.4,46.0,84.9,56.8,29.2,90.3,35.6,43.6,11.9,69.3,49.3,18.1,60.2,95.3,15.6,28.6,17.6,6.6,11.1,16.1,0.1,0.6,81.2,14.0,0.3,17.9,35.7,44.2,35.7,75.1,74.8,73.8,58.6,15.3,56.8,60.8,56.1,57.5,73.8,71.9,43.2,54.5,58.5,13.2,8.1,2016
35,Gopalganj ,30,Dhaka,95,Gopalganj,Gopalganj,99.3,80.3,52.7,100,24.8,37.2,37.2,12.4,84.5,27.5,23.7,67.9,87.7,62.6,97.4,61.0,58.9,68.2,79.9,73.2,65.3,54.4,6.0,50.6,71.8,30.2,0.0,57.6,84.8,78.3,30.0,72.0,43.1,80.9,58.2,21.1,39.0,78.3,44.5,0.0,40.8,94.1,26.4,97.7,66.2,91.9,79.1,69.7,78.1,73.0,40.8,41.5,28.4,10.4,93.8,28.6,31.2,72.6,22.5,69.4,4.9,60.3,72.2,23.3,1.0,3.5,22.2,39.3,93.1,50.0,35.4,50.0,20.0,100.0,63.6,75.0,11.2,81.7,26.6,22.7,41.9,35.8,26.6,25.7,24.1,39.8,23.5,77.2,26.4,90.7,57.8,18.8,88.7,38.2,62.4,8.1,69.8,59.5,18.9,62.5,93.0,26.3,18.5,16.8,23.3,12.1,11.5,9.5,9.6,77.4,3.2,0.0,14.5,15.7,69.5,41.3,64.5,64.2,61.2,36.3,17.2,73.3,43.2,55.0,36.3,83.4,83.1,55.2,41.7,62.1,9.3,6.3,2016
36,Habiganj ,60,Sylhet,94,Habiganj,Habiganj,97.9,97.0,86.7,100,54.2,61.9,64.1,13.5,91.8,56.2,26.0,58.1,62.5,42.7,96.3,75.5,72.9,76.6,86.0,58.8,77.1,51.9,6.3,66.5,76.7,39.9,1.1,70.7,82.0,58.4,38.1,40.4,53.7,95.6,80.3,42.1,56.8,80.6,45.2,0.1,41.9,93.5,43.4,90.4,57.5,93.6,72.6,88.6,93.8,72.0,35.8,44.1,25.0,17.3,90.8,23.4,30.6,44.3,29.1,41.1,5.5,68.8,65.7,19.4,8.8,6.1,21.7,48.3,92.0,61.2,25.5,36.0,44.2,98.1,68.8,77.3,17.8,67.2,47.2,14.3,38.8,33.7,31.9,31.1,26.3,36.1,30.5,77.5,41.1,67.3,46.1,22.8,87.3,23.1,26.2,6.2,65.0,36.5,24.0,75.5,92.9,12.3,29.1,21.6,8.9,6.5,15.2,8.4,8.8,82.9,4.2,0.5,30.7,5.4,62.0,42.0,60.1,59.8,55.9,50.8,9.2,47.0,57.2,40.8,50.2,69.6,70.4,46.8,51.7,39.6,11.8,5.2,2016
39,Jamalpur ,30,Dhaka,94,Jamalpur,Jamalpur,96.8,90.0,54.0,100,49.9,32.8,34.5,21.6,86.6,51.1,19.2,55.6,55.9,33.7,95.5,72.5,48.8,74.8,65.0,56.7,70.8,38.7,5.6,57.5,60.0,58.0,7.3,49.2,79.3,63.5,24.3,58.9,31.8,95.6,65.9,18.3,25.0,78.5,25.7,0.0,26.3,87.3,29.5,83.5,53.9,88.2,54.3,76.0,77.8,66.0,40.0,36.7,22.2,13.5,87.6,29.7,35.1,51.0,14.5,70.4,2.6,85.2,59.1,26.8,7.9,6.3,31.7,22.4,89.5,40.5,18.5,75.0,13.2,100.0,47.7,60.8,18.5,79.1,40.0,24.9,41.3,39.3,33.0,31.9,29.2,43.2,30.9,78.4,35.6,86.7,53.0,25.0,91.2,30.8,61.8,5.5,72.7,20.6,34.1,76.5,94.7,21.7,20.8,10.0,4.7,5.7,10.7,0.0,0.7,90.5,0.8,2.2,34.3,14.1,49.9,19.8,48.6,47.8,40.6,24.6,12.2,58.7,48.5,51.5,43.1,63.1,62.3,46.0,31.1,64.4,6.1,5.0,2016
41,Jessore ,40,Khulna,67,Jashore,Jashore,97.5,91.4,40.6,100,55.2,56.0,56.0,37.6,92.7,72.3,40.4,82.5,83.4,72.0,97.4,74.4,82.3,89.2,91.3,85.1,88.1,71.4,7.1,52.5,62.8,45.2,1.2,61.5,73.1,46.3,23.8,45.4,48.5,89.8,81.5,30.3,38.7,93.0,58.6,0.0,55.0,89.6,53.4,94.6,83.2,92.4,82.0,89.1,78.9,77.4,53.8,44.6,27.0,12.3,97.7,29.8,32.9,29.8,28.7,22.6,3.4,54.4,66.0,23.3,4.0,6.7,32.2,36.4,88.8,50.7,27.3,72.9,15.7,89.9,68.7,73.4,30.2,83.2,45.5,34.9,37.1,25.0,22.2,21.7,50.3,60.3,50.1,85.1,40.5,89.0,64.2,18.8,87.9,33.2,49.6,7.6,88.8,50.2,7.5,62.7,98.1,15.3,18.2,25.7,5.1,5.2,12.9,0.5,0.5,90.4,3.0,0.5,14.6,16.4,68.7,42.4,81.8,81.0,78.7,49.8,20.0,69.1,56.4,65.0,53.5,79.8,76.2,54.8,53.1,56.1,8.3,7.3,2016
42,Jhalokati ,10,Barisal,95,Jhalokati,Jhalokati,96.5,89.9,77.4,100,84.0,23.6,27.1,52.0,83.3,66.6,25.6,85.9,83.6,72.1,96.0,85.6,83.0,83.3,90.4,79.6,94.4,85.1,8.7,81.3,69.7,75.7,8.6,64.6,84.7,49.6,44.9,70.6,45.5,92.1,83.1,26.2,37.2,90.7,58.4,0.0,54.3,96.7,51.6,91.4,69.5,98.0,77.6,93.7,91.6,85.9,59.4,46.9,32.2,11.2,96.4,18.9,26.0,43.8,27.5,39.5,2.2,67.9,58.0,29.5,1.3,11.2,14.5,51.4,97.9,38.6,48.4,65.5,16.2,100.0,59.4,73.5,24.1,86.1,74.0,22.2,58.9,53.2,54.6,54.4,54.5,66.2,57.4,74.0,67.0,92.0,61.4,44.4,79.2,37.7,43.0,7.5,91.2,43.9,18.3,72.9,94.6,15.3,24.5,26.1,5.3,6.2,13.4,21.4,21.4,83.1,0.4,0.7,31.2,10.2,58.4,43.3,66.7,66.7,64.7,58.2,16.2,54.1,49.4,51.4,43.4,68.6,71.7,68.5,43.2,60.7,6.9,7.0,2016
44,Jhenaidah ,40,Khulna,95,Jhenaidah,Jhenaidah,95.8,92.5,67.3,100,37.9,72.6,72.6,11.3,91.9,45.0,19.3,65.3,89.8,62.6,98.5,56.0,65.1,88.6,87.6,73.7,56.9,34.1,5.2,56.1,60.0,93.6,13.6,56.4,65.2,52.6,24.2,47.7,49.0,81.4,76.1,41.1,48.8,82.0,70.5,0.0,63.8,70.1,17.3,91.1,65.4,94.4,69.5,76.5,83.7,57.6,35.5,19.3,23.1,5.8,94.0,13.5,14.3,70.9,22.4,1.1,1.2,89.2,66.9,28.8,2.4,1.8,18.0,36.6,90.1,45.0,24.9,27.3,8.0,100.0,58.1,70.9,52.2,71.4,65.5,55.3,29.6,19.4,21.7,21.0,52.7,57.2,49.2,64.4,51.5,87.3,68.6,27.4,87.7,31.8,57.2,15.3,90.6,62.2,18.2,74.2,95.3,9.4,34.4,20.7,2.1,5.4,6.2,0.1,0.1,85.0,5.8,0.3,29.3,10.9,57.7,30.1,58.4,56.3,51.8,29.5,19.1,74.5,65.5,71.9,51.5,76.5,75.5,56.3,5.7,39.9,1.1,1.5,2016
38,Joypurhat ,50,Rajshahi,95,Joypurhat,Joypurhat,96.4,92.0,75.4,100,40.9,48.3,48.3,11.4,100.0,44.8,33.3,66.4,78.9,55.6,94.6,63.0,72.5,83.1,69.3,66.0,74.1,43.5,6.1,63.1,71.4,91.8,6.8,55.9,50.8,47.0,22.4,46.1,46.8,91.0,87.3,61.3,67.9,92.5,77.6,0.0,67.9,86.7,47.0,98.5,89.6,98.5,88.3,87.4,87.9,64.1,39.0,29.0,35.2,10.7,98.4,25.1,28.5,49.4,15.9,71.8,2.5,57.6,50.8,31.5,11.7,6.0,12.4,37.4,88.8,35.4,28.2,33.3,8.9,100.0,55.3,57.8,36.6,78.5,51.2,23.9,46.9,41.5,36.8,37.4,33.3,42.9,30.7,79.9,53.4,77.0,37.9,13.7,87.7,20.9,58.8,6.2,96.0,34.6,17.8,54.0,94.1,6.1,28.8,33.9,15.6,4.0,7.3,11.9,12.2,63.3,29.2,3.8,40.4,10.3,49.0,44.9,72.3,72.3,71.9,58.5,6.3,74.7,49.4,69.3,55.7,82.0,75.6,36.8,39.8,66.3,10.9,8.1,2016
46,Khagrachhari ,20,Chittagong,96,Khagrachhari,Khagrachhari,93.3,72.2,73.6,100,23.4,46.8,46.8,19.4,84.7,26.1,30.5,68.8,70.0,48.3,84.9,42.4,31.0,33.7,48.8,30.1,49.1,32.5,5.1,11.4,31.0,99.6,6.3,60.7,79.1,65.8,21.7,79.6,34.9,77.7,31.3,6.9,10.0,81.2,33.3,0.0,32.3,71.0,24.1,87.2,66.2,95.0,67.0,75.7,84.8,78.4,32.3,13.8,57.7,16.7,91.1,16.2,45.6,62.0,5.2,11.8,4.3,60.5,64.2,18.4,15.1,2.3,19.6,76.7,78.8,34.6,63.6,42.9,59.7,95.5,49.5,71.3,15.9,80.7,28.4,22.2,23.4,28.8,20.3,29.4,23.6,26.6,25.4,73.3,23.8,64.7,26.4,27.2,80.7,30.0,59.2,18.6,61.2,46.7,12.0,60.4,96.0,7.2,40.7,11.6,12.8,0.4,3.1,3.7,24.1,69.2,12.8,6.8,60.8,5.8,32.7,24.8,43.7,43.7,43.1,37.0,4.4,50.3,46.3,48.0,30.4,64.6,62.9,27.1,30.9,80.2,8.3,9.1,2016
47,Khulna ,40,Khulna,92,Khulna,Khulna,93.6,92.1,62.2,100,48.4,44.0,44.0,41.3,86.6,52.6,26.7,76.2,77.7,61.5,94.9,74.5,71.9,82.6,90.5,80.4,76.0,53.0,6.2,70.7,74.4,61.8,2.6,69.2,88.8,60.9,35.6,63.3,51.4,94.6,83.8,49.1,58.0,90.0,60.6,0.0,55.0,86.3,40.3,92.6,78.9,94.9,85.2,86.7,84.7,75.6,45.2,45.8,42.3,13.0,93.5,34.5,38.6,36.1,8.6,11.0,3.0,66.0,63.3,26.6,3.0,7.1,18.1,55.4,92.1,43.3,47.5,86.0,30.3,97.2,49.9,56.3,30.4,85.3,52.2,19.9,50.9,51.3,49.3,48.5,56.3,69.0,53.1,86.4,45.9,83.8,61.0,30.9,89.8,35.1,34.3,3.0,89.3,36.7,10.8,44.0,95.9,24.0,25.6,14.8,3.2,9.1,13.4,10.9,11.1,68.2,17.5,0.2,17.4,21.5,59.5,47.2,78.1,77.3,73.6,54.3,24.4,73.7,56.6,71.8,56.5,81.4,78.1,63.1,31.9,71.6,5.3,7.0,2016
48,Kishoreganj ,30,Dhaka,87,Kishoregonj,Kishoregonj,96.8,92.9,78.8,100,37.3,51.5,52.5,13.9,93.1,40.7,34.9,55.8,73.3,46.7,88.0,57.1,50.7,63.9,67.3,53.3,55.6,30.7,4.5,40.9,51.8,85.8,9.7,56.2,84.1,63.4,23.8,59.5,36.5,93.2,58.7,15.7,18.4,54.8,18.6,0.0,22.3,94.8,24.3,86.4,60.3,94.3,51.6,71.5,87.1,74.5,43.7,35.3,24.6,6.4,85.8,28.2,32.7,41.8,15.4,40.5,7.9,68.1,62.5,26.2,5.3,6.1,21.9,19.4,77.3,51.3,10.6,42.9,14.1,92.4,56.2,62.0,14.1,70.9,55.0,44.3,27.2,21.1,18.9,19.6,37.5,50.1,35.6,77.9,46.3,77.9,51.1,22.2,89.9,28.8,31.6,5.3,70.7,28.7,17.6,57.6,86.8,11.7,16.5,9.8,5.9,3.6,4.0,4.1,4.3,77.4,3.7,4.7,40.3,19.3,35.5,23.5,55.0,53.5,45.7,31.9,3.9,44.9,40.7,45.1,40.9,65.3,61.5,24.9,50.1,61.7,11.0,3.4,2016
49,Kurigram ,55,Rangpur,94,Kurigram,Kurigram,97.0,88.3,68.0,100,64.9,41.7,41.7,39.7,94.5,71.4,44.5,80.8,71.3,58.5,95.6,77.2,77.1,76.6,75.7,67.1,72.6,56.7,6.4,78.5,83.6,54.8,3.6,48.8,57.9,34.3,26.5,35.3,38.0,93.4,77.3,34.7,42.9,85.0,18.6,0.2,19.6,78.3,67.7,90.1,79.2,94.8,72.0,84.0,93.4,80.1,38.8,65.5,34.2,17.7,96.5,14.9,23.8,50.7,15.1,80.5,2.3,63.8,70.0,17.7,3.1,9.2,17.0,44.2,89.6,54.9,38.4,62.2,22.2,97.0,53.8,64.3,23.2,65.9,57.2,56.6,26.5,22.9,24.0,21.5,47.6,57.7,50.2,78.5,55.0,88.6,47.7,37.7,88.0,31.3,65.0,9.7,91.9,46.2,8.2,55.1,97.0,4.4,28.0,19.0,2.0,9.4,3.3,0.1,0.2,83.7,10.5,2.9,26.5,20.6,52.7,33.9,73.2,72.1,65.0,52.9,3.2,65.2,28.3,58.9,34.7,75.4,77.2,56.8,29.5,65.5,8.6,9.8,2016
50,Kushtia ,40,Khulna,93,Kushtia,Kushtia,96.8,88.4,34.6,100,55.4,36.3,36.7,41.5,87.8,64.7,32.9,67.4,90.9,61.4,92.9,85.9,80.3,86.6,83.5,72.9,70.4,47.8,5.6,72.6,62.2,68.0,5.4,53.8,86.9,83.7,26.6,72.1,42.6,95.1,91.8,46.0,52.8,94.2,84.6,0.0,81.9,89.3,44.8,90.7,75.9,97.1,86.6,79.9,66.3,60.4,34.6,45.2,19.8,14.1,95.4,32.9,31.8,35.1,14.2,0.4,1.5,80.1,61.1,27.0,8.8,3.2,24.6,20.0,96.5,57.6,16.8,50.0,18.4,100.0,64.9,76.4,41.1,84.6,58.3,55.6,18.1,16.1,12.2,12.7,54.0,65.4,56.3,81.1,56.5,86.4,50.3,24.0,88.3,32.2,43.3,5.6,96.4,49.9,10.1,69.9,80.7,13.0,26.9,13.5,6.8,4.8,20.3,0.0,0.2,96.4,31.3,0.0,16.4,15.2,68.4,55.2,86.3,86.0,84.8,54.8,25.3,59.5,50.3,54.3,46.5,75.2,72.3,58.5,48.3,55.7,8.4,10.7,2016
51,Lakshmipur ,20,Chittagong,95,Lakshmipur,Lakshmipur,96.4,90.2,52.7,100,38.7,35.3,35.3,20.0,78.4,32.7,22.7,73.4,46.9,36.6,93.7,55.9,53.7,61.8,51.7,48.7,77.0,60.3,6.8,47.8,44.2,47.6,1.8,60.8,76.6,60.2,36.3,34.0,41.3,75.0,57.7,19.7,25.6,81.4,31.0,0.0,27.2,79.2,28.3,93.1,76.4,94.9,83.6,83.6,90.5,58.8,31.0,62.7,52.0,14.3,92.0,19.6,32.9,21.9,5.9,2.0,5.1,59.6,62.4,17.4,4.8,15.4,3.3,57.1,88.5,41.3,48.1,25.8,24.2,97.0,44.9,55.2,0.6,66.4,30.3,38.3,22.6,18.2,20.5,20.2,40.0,48.2,36.8,89.8,25.6,79.0,43.3,26.8,95.4,30.7,26.0,7.4,78.6,9.1,18.9,73.6,99.7,21.3,24.0,20.6,10.5,10.6,22.4,20.4,20.4,78.7,4.8,0.2,23.3,4.8,71.4,51.3,75.7,75.4,68.7,60.8,8.0,49.0,33.7,42.8,36.7,65.4,64.9,41.2,30.8,54.2,6.0,13.5,2016
52,Lalmonirhat ,55,Rangpur,96,Lalmonirhat,Lalmonirhat,98.0,96.8,84.3,100,65.1,55.0,55.0,33.7,85.6,46.6,25.0,82.4,83.9,74.1,96.1,82.8,76.1,81.1,75.5,69.8,78.9,62.3,6.3,82.4,87.8,41.5,8.4,61.4,72.6,30.1,34.8,50.4,49.3,87.6,77.7,56.5,68.6,69.6,19.2,0.0,17.8,91.9,58.9,90.4,81.1,92.1,86.3,87.0,93.7,82.1,47.5,41.8,45.4,8.6,97.2,7.9,23.8,57.3,5.4,11.5,3.1,62.8,63.2,25.8,8.1,2.9,11.5,51.5,76.8,75.7,37.0,63.6,31.6,93.0,79.7,89.9,35.2,86.4,65.8,36.1,36.2,32.6,27.4,26.3,57.5,66.8,59.8,88.9,52.1,91.1,59.7,20.6,89.2,34.9,51.1,8.6,91.3,47.6,13.7,65.1,98.1,17.8,29.0,3.1,0.6,0.8,7.3,0.1,0.1,95.5,15.3,1.4,22.7,25.4,50.9,38.8,69.9,69.7,65.8,63.8,3.8,53.2,18.7,47.2,31.6,64.8,64.5,54.1,53.8,77.4,12.8,6.5,2016
54,Madaripur ,30,Dhaka,95,Madaripur,Madaripur,93.7,93.6,37.0,100,47.2,47.1,47.1,35.9,87.6,53.2,12.2,58.7,62.0,39.8,89.9,59.1,63.6,77.2,78.7,54.7,77.6,65.6,6.6,50.1,62.6,61.1,3.6,73.1,83.0,87.6,26.5,83.0,41.1,91.7,70.8,37.1,55.8,77.5,40.5,0.0,38.9,93.6,34.1,89.2,71.6,90.0,67.1,78.3,79.0,71.0,35.2,22.7,48.6,17.4,94.0,11.3,26.6,17.9,7.3,10.9,4.0,64.0,62.1,27.1,5.9,4.9,6.0,41.8,94.6,44.1,34.6,0.0,42.4,100.0,44.1,44.1,26.3,77.1,58.4,59.2,20.7,20.0,18.4,13.1,36.6,42.8,40.8,76.4,48.2,87.0,48.0,28.2,94.2,29.5,53.2,0.0,94.2,37.2,7.7,62.9,98.9,24.9,16.8,20.2,4.7,7.5,12.3,6.7,6.7,81.4,31.8,0.3,45.0,4.4,50.3,32.9,65.3,64.5,58.2,48.8,29.3,61.2,80.2,54.0,68.1,78.6,67.4,67.8,57.1,59.6,12.2,9.1,2016
55,Magura ,40,Khulna,92,Magura,Magura,94.4,91.3,63.2,100,48.4,40.0,40.0,43.1,80.0,50.4,57.3,66.2,74.0,47.4,97.4,75.8,56.2,80.4,75.9,75.1,80.0,49.1,6.9,37.0,55.7,31.7,0.0,51.3,79.4,75.4,24.7,72.7,50.0,96.2,71.9,17.7,21.4,92.4,55.4,1.9,52.4,80.6,13.8,78.6,49.4,92.4,56.0,67.7,77.3,42.8,28.1,59.8,26.5,3.2,95.7,23.6,22.3,58.8,7.3,4.3,3.0,67.0,69.3,16.0,7.9,6.8,15.2,23.5,88.2,26.8,12.6,81.4,11.2,83.8,36.2,45.1,49.7,83.6,47.7,49.4,20.6,22.5,20.6,19.1,39.5,59.3,43.7,80.8,41.8,71.8,64.6,14.8,93.0,55.4,54.2,0.0,91.9,55.7,14.0,84.0,99.4,1.9,32.3,8.5,3.0,1.9,2.6,0.5,0.5,92.2,1.4,0.2,20.9,13.2,64.4,46.3,71.4,71.4,69.8,25.9,7.5,60.8,39.4,43.3,41.0,75.7,77.2,46.0,7.6,68.4,0.6,5.6,2016
56,Manikganj ,30,Dhaka,95,Manikganj,Manikganj,97.7,91.1,47.2,100,23.1,41.7,46.3,9.3,90.7,27.8,61.5,60.6,75.3,47.5,89.9,62.8,40.7,61.6,75.8,42.2,64.0,38.9,5.4,66.8,52.9,89.5,11.1,51.9,72.9,45.3,17.1,51.4,35.4,93.7,66.4,26.2,33.6,84.3,66.4,0.0,66.4,81.8,16.7,83.0,54.0,91.3,67.5,82.5,81.4,64.3,34.2,31.2,25.3,21.8,96.7,23.1,32.9,45.1,62.3,65.5,3.6,64.0,60.4,25.3,8.4,5.9,22.1,12.4,86.6,74.0,11.2,50.0,14.3,93.3,74.7,88.0,4.0,92.1,30.1,29.3,35.5,33.8,18.1,19.1,38.7,56.7,31.1,84.0,27.4,85.8,69.6,16.0,89.5,16.8,73.9,8.5,82.4,42.9,21.9,56.2,94.7,7.5,24.6,10.7,1.2,1.6,8.8,8.5,8.6,91.8,11.5,0.7,13.8,26.9,58.9,33.2,54.2,54.2,50.0,25.1,14.5,66.6,45.4,65.1,50.5,80.5,78.8,61.2,33.8,68.9,2.9,17.4,2016
57,Meherpur ,40,Khulna,94,Meherpur,Meherpur,97.9,93.4,49.6,100,64.5,41.4,41.4,47.6,75.2,86.1,44.3,70.0,83.4,61.9,96.0,86.8,97.1,99.5,92.1,86.9,84.8,68.5,7.1,81.4,76.7,55.8,0.0,61.1,78.2,54.6,22.2,58.0,52.7,100.0,93.8,62.7,65.5,93.8,97.9,0.0,97.9,94.3,100.0,100.0,66.1,93.5,60.2,76.0,74.9,79.0,60.6,51.3,40.8,27.6,99.9,41.5,37.3,41.6,40.4,21.4,3.2,19.4,70.1,19.9,9.0,1.1,31.2,38.6,84.7,55.6,32.6,16.0,6.6,93.6,66.3,73.3,1.2,94.8,49.0,36.4,56.8,34.3,29.8,26.6,69.8,83.3,70.5,96.7,56.9,99.1,79.6,32.0,96.5,34.2,56.7,9.7,94.7,38.9,29.1,48.5,98.5,31.8,29.3,21.2,10.8,4.1,1.6,0.2,0.2,91.7,0.0,0.9,11.9,26.1,52.5,40.4,86.3,85.9,79.6,48.4,29.1,82.1,64.2,65.8,48.1,95.0,89.7,80.2,72.0,37.3,26.6,14.5,2016
58,Maulvibazar ,60,Sylhet,87,Moulvibazar,Moulvibazar,91.3,94.8,65.8,100,48.7,39.2,39.2,42.7,87.8,47.9,20.5,36.2,80.4,30.3,93.7,74.2,63.4,78.3,71.0,61.2,59.3,45.0,5.6,57.7,69.8,34.8,0.2,65.0,72.4,57.4,30.9,49.2,45.7,89.8,71.4,27.2,41.9,87.0,47.8,0.0,49.8,89.0,43.4,90.1,53.3,91.9,66.3,73.0,87.2,78.3,40.4,42.5,42.0,40.4,92.3,25.4,37.8,33.3,11.8,38.2,8.9,50.1,59.4,17.8,17.4,5.5,26.7,37.7,92.0,47.9,31.3,12.3,17.0,94.6,45.8,54.2,15.4,59.1,32.4,28.5,29.0,27.4,26.8,27.2,18.5,28.4,21.1,81.5,25.0,70.5,48.1,25.7,88.3,34.1,22.1,2.3,63.6,80.9,21.7,60.6,93.1,26.8,23.6,16.3,11.5,9.9,21.0,3.2,15.4,74.7,35.1,2.2,47.1,6.5,43.4,35.2,65.0,65.0,59.9,56.3,7.1,48.2,38.9,42.7,38.4,55.1,57.3,35.1,34.2,49.0,16.9,6.5,2016
59,Munshiganj ,30,Dhaka,95,Munshiganj,Munshiganj,91.4,85.9,34.2,100,47.7,46.6,46.6,33.2,90.1,36.1,29.1,54.6,64.0,38.5,78.2,54.8,64.2,81.1,63.2,50.7,53.4,29.6,4.9,53.4,84.5,69.7,1.7,69.5,95.3,56.4,49.9,44.3,49.2,99.3,91.4,49.4,51.4,98.0,61.4,0.0,63.4,81.4,22.0,90.9,66.1,99.3,81.8,77.4,71.7,83.3,47.3,29.2,22.0,24.0,92.9,13.1,22.0,38.1,6.2,5.3,3.4,71.1,58.5,25.9,7.2,8.4,12.6,35.4,81.5,41.8,31.3,28.6,27.2,97.4,52.8,63.2,10.8,70.6,40.3,46.0,28.7,29.2,20.0,21.8,39.5,45.6,32.2,82.9,37.7,80.1,37.7,23.7,94.9,14.5,42.0,4.2,68.6,54.2,39.9,56.7,80.7,4.7,46.6,20.5,2.9,1.4,2.2,8.2,8.2,83.6,6.1,0.0,16.5,35.2,46.7,38.1,61.6,61.4,60.0,51.8,19.6,55.2,59.8,54.1,64.5,70.6,73.2,53.5,40.1,74.1,14.4,7.2,2016
61,Mymensingh ,30,Dhaka,95,Mymensingh,Mymensingh,91.7,91.9,65.7,100,45.5,29.7,29.7,23.6,83.0,41.0,30.7,71.6,81.3,58.7,89.7,53.7,52.2,64.7,71.6,59.8,77.5,56.3,6.2,34.9,46.1,63.3,8.1,64.9,78.2,46.6,42.3,46.4,44.4,82.9,52.4,17.7,27.5,77.4,26.9,0.0,26.1,82.8,39.8,81.5,76.6,86.8,71.6,74.8,80.7,68.7,33.2,39.7,39.4,23.0,92.7,28.4,25.9,30.7,7.1,34.7,3.8,69.6,63.6,19.5,7.7,9.2,17.9,45.7,86.9,42.2,32.9,34.4,13.8,98.6,41.2,58.4,12.0,64.2,49.6,21.5,44.1,42.9,40.0,40.1,36.0,44.1,34.3,83.8,46.0,75.2,46.6,25.2,88.9,34.4,53.0,12.8,69.4,46.5,12.5,63.4,94.9,10.4,25.9,18.3,6.2,4.4,8.1,1.2,1.8,69.7,20.5,2.7,50.3,9.3,38.8,24.9,61.0,60.0,53.2,45.7,5.8,53.2,40.8,43.3,45.9,70.9,69.2,44.1,23.6,33.3,5.9,2.0,2016
64,Naogaon ,50,Rajshahi,93,Naogaon,Naogaon,99.2,95.2,84.5,100,47.3,52.9,54.9,33.7,80.7,39.7,34.3,73.1,82.1,65.9,96.8,71.4,61.8,69.6,79.6,69.0,80.3,58.0,6.4,68.8,78.9,55.5,1.2,49.4,65.8,35.9,21.3,32.6,35.0,93.9,80.6,28.2,33.0,69.7,46.3,0.0,46.3,76.8,40.2,94.9,85.8,96.3,76.4,93.6,95.7,68.5,39.0,43.7,27.9,8.7,95.0,27.9,31.0,53.2,17.4,43.2,3.7,59.0,64.7,22.8,8.8,3.6,9.1,33.8,84.5,50.7,28.1,50.0,13.9,98.1,51.0,60.2,21.7,73.9,45.9,39.0,31.3,28.9,22.2,19.5,35.9,48.9,40.3,78.9,37.0,79.8,46.2,14.5,83.5,24.5,64.2,11.8,74.6,67.0,16.0,71.2,94.9,12.1,18.3,13.8,4.8,4.3,19.4,0.7,0.9,79.7,18.0,13.4,42.0,13.0,40.7,33.2,69.8,69.5,64.6,40.7,8.5,58.0,44.3,54.6,34.9,75.3,64.4,42.0,43.6,49.3,10.4,4.0,2016
65,Narail ,40,Khulna,92,Narail,Narail,96.4,97.1,30.1,100,44.2,36.1,36.1,22.1,65.4,44.5,59.9,61.5,63.1,50.7,83.5,80.3,66.1,88.0,85.6,79.9,78.9,69.0,5.9,70.4,70.5,40.1,0.0,67.4,77.0,57.8,20.9,43.9,42.8,100.0,76.9,26.8,33.4,89.3,61.4,0.0,41.2,53.8,41.6,95.2,91.1,98.8,93.4,91.7,74.2,72.6,37.6,31.9,35.6,11.0,97.6,6.0,6.8,40.8,40.0,10.2,3.4,65.6,60.1,21.2,7.9,10.8,1.9,49.7,91.5,82.4,37.4,50.0,39.4,95.8,78.3,90.7,14.9,88.6,66.8,22.9,52.8,49.6,45.2,43.9,39.0,58.8,38.5,91.7,50.5,94.0,51.5,12.9,95.1,54.3,54.9,8.4,75.4,27.0,4.4,75.5,97.3,38.7,18.9,20.8,1.1,0.5,1.7,0.0,0.0,84.8,4.8,0.4,7.3,6.6,83.3,67.3,92.3,91.8,91.7,87.2,25.7,73.3,55.0,68.5,51.5,78.7,77.0,73.3,34.4,7.0,1.2,1.9,2016
67,Narayanganj ,30,Dhaka,96,Narayanganj,Narayanganj,92.4,90.5,50.4,100,44.0,48.5,48.5,35.0,91.8,41.0,23.3,60.7,69.7,47.1,87.1,82.2,64.0,81.3,75.7,62.1,71.1,45.0,6.0,52.4,50.8,50.2,4.9,69.2,91.0,85.9,41.3,67.9,43.9,93.8,77.8,25.6,32.4,70.9,55.5,0.0,55.3,80.9,28.4,84.1,72.6,93.0,72.9,53.4,66.1,54.4,28.8,57.4,34.4,12.2,88.4,23.8,31.8,38.8,9.1,4.0,7.0,63.1,57.3,32.4,1.9,8.3,23.2,46.7,88.4,45.8,37.3,42.7,20.6,97.5,55.9,58.2,13.4,72.0,42.2,42.7,23.2,21.3,18.4,17.9,29.1,37.4,27.8,78.7,32.6,81.1,46.6,21.7,87.6,24.7,59.5,7.1,67.5,69.6,11.3,53.7,92.6,19.3,24.9,7.1,1.7,5.6,11.0,3.7,3.7,91.4,13.0,0.1,16.6,35.1,46.0,40.4,73.3,73.3,69.8,60.8,10.7,51.8,61.0,49.6,53.9,70.9,70.5,35.9,33.4,72.6,4.4,2.0,2016
68,Narsingdi ,30,Dhaka,95,Narsingdi,Narsingdi,93.0,84.1,45.0,100,38.5,28.6,29.8,25.3,78.3,32.1,27.8,67.9,65.3,41.5,89.6,46.7,51.2,65.8,75.8,67.4,57.2,39.3,5.1,28.4,43.5,74.5,6.2,70.8,89.4,73.7,43.1,59.4,47.0,85.3,51.3,15.0,27.9,80.1,30.3,0.0,29.5,75.2,33.3,93.8,79.6,94.8,72.9,74.3,85.3,76.4,26.2,51.4,36.5,18.7,85.7,24.3,29.3,40.9,8.4,3.2,4.0,79.0,63.4,28.6,2.4,5.6,26.0,40.5,76.6,52.6,29.3,68.2,23.9,100.0,58.2,59.2,55.2,77.1,47.1,14.6,53.7,52.5,47.0,45.9,27.3,38.3,28.3,88.6,40.1,84.6,56.3,23.1,89.7,36.4,39.5,16.5,75.0,50.0,5.3,64.8,98.5,16.5,17.4,20.4,3.0,2.1,12.9,0.2,0.2,87.3,1.5,0.6,36.8,6.2,54.5,48.5,74.2,73.3,65.9,54.2,10.0,64.3,56.1,57.4,38.8,75.0,70.2,43.4,44.4,36.3,5.8,6.2,2016
69,Natore ,50,Rajshahi,92,Natore,Natore,91.2,87.6,37.5,100,47.5,46.5,46.5,22.4,68.0,41.3,62.7,52.0,79.9,42.4,92.8,66.8,70.7,84.5,83.6,77.6,58.7,48.0,4.8,62.4,72.5,133.3,2.9,45.9,70.5,34.3,18.5,33.5,34.3,97.1,81.0,23.5,25.9,85.6,55.3,0.0,55.7,93.8,24.1,90.9,67.3,94.3,82.2,87.4,63.3,71.3,37.6,27.5,15.0,11.7,94.7,20.6,22.6,51.3,19.2,27.7,3.0,66.8,58.8,30.3,7.8,3.1,23.3,46.7,84.2,32.3,31.2,11.1,24.4,93.0,45.2,58.1,9.4,76.0,33.7,39.2,24.3,24.0,21.8,21.7,42.7,53.5,36.2,79.6,26.1,79.1,46.6,14.2,79.0,29.4,73.3,11.8,86.9,38.4,26.3,57.0,89.8,7.5,8.0,10.5,3.4,4.7,4.5,0.0,0.0,92.1,13.3,1.3,36.0,14.8,47.1,32.3,76.0,75.2,70.3,43.8,9.9,61.7,53.7,51.4,47.6,71.9,72.6,35.2,44.1,52.2,6.8,2.2,2016
70,Chapai Nawabganj ,50,Rajshahi,69,Nawabganj,Nawabganj,97.3,76.2,58.9,100,13.4,49.2,49.2,20.3,87.7,12.8,29.0,47.1,61.3,34.6,96.3,70.0,47.1,70.0,74.5,52.4,62.0,43.5,5.5,56.4,56.7,101.9,17.8,39.6,80.5,32.8,11.0,41.7,27.1,82.1,64.8,21.6,28.6,75.0,40.9,0.0,46.1,67.6,22.5,88.5,27.1,87.3,54.4,79.9,76.3,62.2,35.0,31.0,12.3,4.8,94.0,22.0,24.1,35.9,25.8,4.9,3.6,63.9,59.1,24.9,6.2,9.9,17.3,30.0,79.5,45.9,19.9,85.9,9.4,100.0,48.3,60.1,8.1,82.0,16.5,29.6,9.2,6.5,5.0,5.3,26.4,44.7,23.1,74.9,18.5,84.4,57.4,13.3,79.3,15.1,62.3,10.5,81.5,44.3,26.1,36.9,95.4,9.2,14.1,3.9,10.9,0.7,3.0,0.0,0.2,88.5,14.6,1.4,46.6,16.1,37.1,31.7,52.1,51.1,47.6,20.4,9.2,46.7,37.0,33.9,28.2,59.4,55.9,42.8,22.1,60.0,1.8,2.2,2016
72,Netrakona ,30,Dhaka,84,Netrokona,Netrokona,91.7,97.4,84.2,100,83.9,7.3,15.0,74.8,47.2,45.8,45.6,80.6,68.1,56.0,84.3,71.8,60.1,81.9,88.6,81.9,86.5,77.1,7.1,63.2,68.0,34.4,3.8,59.9,77.3,54.8,40.6,40.6,43.1,99.0,75.2,12.8,19.0,89.7,16.4,0.0,16.1,69.8,60.9,96.7,89.1,96.5,75.3,94.6,96.8,83.0,39.2,47.1,46.7,28.2,95.3,30.2,34.9,41.7,15.7,64.1,4.7,50.9,63.5,18.1,9.3,9.2,24.6,53.8,95.1,35.7,21.9,81.2,48.3,98.4,42.1,47.2,17.7,71.6,62.5,21.2,54.3,51.8,48.7,49.4,46.7,55.4,53.3,86.2,58.2,87.6,61.5,32.7,90.6,33.3,35.6,0.0,74.7,45.2,14.4,74.1,97.3,11.7,33.4,37.7,6.5,4.0,5.1,4.3,4.5,76.9,9.7,0.8,57.8,8.2,31.8,21.4,48.5,48.1,42.5,40.7,11.9,71.3,38.8,64.1,43.5,78.4,75.8,55.5,43.1,61.0,6.0,3.8,2016
73,Nilphamari ,55,Rangpur,95,Nilphamari,Nilphamari,99.0,94.4,80.0,100,41.4,36.2,36.2,18.9,86.8,57.6,38.9,75.0,70.1,56.8,98.8,69.9,71.2,80.1,75.3,69.2,69.4,56.8,6.3,70.8,78.5,55.4,4.8,61.9,70.2,63.9,27.6,48.4,48.5,86.7,66.8,20.7,30.8,88.3,38.7,0.0,41.1,80.4,69.0,95.3,89.4,94.2,88.9,78.2,85.0,64.6,42.3,42.0,48.7,24.4,95.9,11.6,16.5,38.2,7.7,22.9,1.5,76.0,62.2,24.1,10.2,3.5,11.2,58.3,92.1,43.1,38.8,56.4,23.3,96.9,46.4,52.6,31.1,80.5,69.0,23.0,62.3,62.0,60.3,60.0,46.1,60.3,48.0,88.1,57.8,87.9,51.4,24.8,91.5,36.1,67.4,16.0,76.8,72.7,9.6,46.7,98.1,11.2,19.2,17.8,6.9,10.3,19.1,0.4,0.6,88.0,7.2,13.0,36.6,16.3,46.0,32.4,91.5,90.0,89.0,80.7,9.7,58.4,49.5,50.9,48.6,71.8,67.3,38.1,43.9,46.7,10.1,5.7,2016
75,Noakhali ,20,Chittagong,94,Noakhali,Noakhali,89.9,89.7,61.1,100,38.1,52.4,53.1,31.5,77.6,49.0,19.3,58.8,56.7,34.6,91.1,51.0,41.4,45.8,72.0,44.8,67.3,38.9,5.3,42.0,54.9,37.9,1.4,64.4,70.3,54.2,38.9,43.6,41.3,69.7,52.4,12.7,23.0,72.3,30.9,2.1,27.7,79.4,36.2,87.1,54.0,88.8,62.3,55.7,78.4,64.8,29.7,65.9,50.4,15.8,90.1,24.6,32.9,51.1,12.0,68.3,4.6,72.8,52.5,22.1,2.8,22.6,25.6,57.4,89.4,22.1,50.1,37.6,18.5,96.0,34.9,32.9,13.2,60.3,47.0,49.2,19.6,19.9,19.8,20.4,34.0,37.0,37.9,69.4,47.6,69.1,40.2,44.5,80.9,29.5,34.5,6.6,66.0,55.3,30.1,74.0,92.0,18.0,36.4,14.5,9.3,10.4,16.1,21.3,21.4,65.8,2.3,3.7,25.1,10.0,61.3,31.9,52.5,50.6,43.9,37.3,4.4,47.8,30.8,42.6,25.3,47.6,51.1,35.3,44.7,55.7,12.5,17.1,2016
76,Pabna ,50,Rajshahi,91,Pabna,Pabna,95.0,91.1,78.1,100,64.2,29.4,31.9,43.0,84.0,52.3,41.0,62.5,75.8,48.7,93.0,65.1,71.1,72.2,77.1,64.5,76.1,59.8,6.5,61.6,70.5,43.6,0.8,57.7,64.9,54.2,34.5,54.4,44.6,91.1,65.4,36.2,43.9,88.9,53.0,0.0,56.2,90.6,43.8,93.9,67.5,96.1,82.4,87.3,84.7,83.8,45.1,48.5,40.9,20.8,92.9,26.4,31.9,44.1,17.9,14.6,3.2,70.5,52.5,30.6,10.8,6.0,35.5,50.5,88.8,28.1,45.4,45.0,11.6,98.3,38.2,45.3,35.8,85.2,48.1,26.5,44.4,41.3,35.4,33.2,38.8,52.7,43.6,88.8,43.9,86.3,52.5,36.7,92.1,33.2,87.8,35.3,87.8,36.1,11.2,47.4,97.0,22.5,15.1,3.8,2.6,6.4,20.2,0.1,0.1,81.5,8.9,0.1,29.4,12.8,57.4,46.0,72.2,71.5,66.1,44.9,17.3,72.5,52.4,68.7,55.8,78.4,77.1,49.2,45.4,70.0,10.8,9.8,2016
77,Panchagarh ,55,Rangpur,95,Panchagarh,Panchagarh,98.7,94.3,94.2,100,47.6,62.9,62.9,31.4,96.8,60.9,17.4,79.4,63.2,51.3,97.1,87.8,83.4,96.1,88.5,79.7,78.7,71.3,5.8,81.6,67.0,64.3,3.8,70.7,78.8,52.5,41.2,46.2,55.8,97.0,93.9,50.2,56.6,97.6,71.4,0.0,69.7,83.6,45.6,92.6,69.4,95.0,87.5,86.9,97.6,87.2,55.3,61.8,32.0,30.4,93.6,28.8,27.2,71.3,26.5,73.2,2.7,76.8,68.6,21.0,6.1,4.3,9.6,50.7,90.6,78.6,41.7,59.0,12.7,97.2,65.9,90.9,71.9,81.5,43.6,47.6,20.5,11.1,10.4,11.4,45.0,57.2,46.7,85.8,41.7,88.5,55.5,29.0,88.8,16.2,51.4,6.6,87.4,47.0,9.4,51.3,97.7,18.7,6.4,30.2,4.3,3.9,2.6,0.1,0.4,96.2,0.0,9.0,22.1,13.0,64.8,48.4,86.6,85.2,81.9,76.6,12.2,59.2,56.7,56.1,39.1,81.3,78.8,59.3,32.3,67.0,7.4,9.8,2016
78,Patuakhali ,10,Barisal,95,Patuakhali,Patuakhali,95.4,87.4,69.1,100,45.9,44.5,44.5,32.0,87.2,56.4,36.8,85.6,78.1,69.6,94.5,72.7,61.7,73.0,82.7,77.2,81.9,62.8,6.6,54.8,56.9,26.1,0.3,78.5,86.1,77.4,51.9,31.2,51.3,88.6,65.6,11.4,16.3,90.8,33.9,0.0,39.5,79.9,52.3,95.0,78.4,95.0,76.5,83.2,89.0,83.7,42.1,55.3,35.1,20.8,93.1,13.3,15.5,38.3,7.9,15.6,2.9,73.2,66.7,25.5,1.8,6.0,4.2,45.4,87.8,38.7,37.2,60.3,33.6,95.0,50.1,62.5,11.4,64.7,37.1,33.1,31.5,31.7,30.4,28.1,38.7,51.9,41.3,81.3,36.4,83.8,55.1,47.6,86.1,18.7,21.1,5.9,71.5,33.7,19.5,75.6,92.0,17.7,24.4,3.9,9.1,10.0,10.8,12.3,12.5,77.3,19.0,0.4,23.0,15.4,55.8,31.2,65.2,64.2,56.0,46.0,7.5,53.1,44.1,54.6,30.5,66.6,65.7,57.6,32.3,47.3,9.4,4.4,2016
79,Pirojpur ,10,Barisal,94,Pirojpur,Pirojpur,98.1,87.4,66.7,100,21.1,58.2,58.2,18.5,94.2,36.3,44.2,64.8,81.8,54.9,95.6,49.9,54.0,73.5,55.7,45.0,68.5,39.3,5.5,20.1,20.6,50.4,0.0,60.2,77.1,81.6,33.4,77.4,44.4,91.0,69.7,25.1,32.7,66.3,35.2,0.0,26.1,80.5,42.1,97.8,87.2,97.7,75.1,91.5,80.9,72.0,44.4,27.8,27.3,25.1,95.3,38.2,42.6,60.4,20.9,49.7,3.3,66.7,70.8,20.9,1.4,6.9,24.5,65.7,90.7,46.7,54.6,90.7,28.5,98.5,75.6,88.7,18.6,86.3,40.1,25.2,46.7,42.6,33.4,33.0,44.3,67.3,48.1,80.4,40.7,89.8,53.5,27.3,90.1,37.8,59.7,2.5,82.4,41.5,10.2,46.5,93.7,19.9,26.1,15.0,4.8,8.1,15.4,30.8,30.8,71.1,0.3,0.1,8.1,6.3,85.3,59.7,72.5,72.1,69.8,64.7,8.5,60.2,31.6,49.4,47.5,86.5,86.4,66.2,32.5,73.4,8.3,5.8,2016
82,Rajbari ,30,Dhaka,93,Rajbari,Rajbari,97.2,97.7,71.6,100,31.6,54.7,61.9,10.1,92.8,52.1,50.9,87.9,77.5,62.6,86.8,70.6,66.4,80.9,75.4,63.6,78.8,45.3,6.7,77.5,76.0,34.3,0.0,52.0,72.8,74.3,18.2,74.7,38.3,87.1,78.8,29.3,29.3,88.2,58.6,0.0,62.9,93.6,19.7,95.7,86.3,100.0,93.5,83.1,84.9,74.2,43.9,20.9,9.8,9.5,95.8,31.6,43.3,66.5,26.2,1.4,2.0,75.1,46.3,33.4,8.0,12.3,36.3,38.8,85.0,62.9,25.8,66.7,14.2,90.0,71.3,73.4,24.8,85.7,60.4,33.4,31.2,30.0,17.0,15.5,50.1,59.2,46.8,93.2,51.4,83.2,53.0,19.8,94.3,30.9,60.9,9.5,95.3,53.6,19.5,47.3,97.8,12.2,6.2,11.1,10.5,10.4,7.4,0.0,0.1,68.2,13.7,0.3,17.0,12.6,70.3,53.5,66.3,65.4,63.9,29.0,12.1,61.3,54.6,56.4,56.7,73.3,75.5,51.0,32.6,69.3,9.8,3.8,2016
81,Rajshahi ,50,Rajshahi,94,Rajshahi,Rajshahi,97.0,90.9,56.8,100,41.7,51.5,53.0,24.5,97.6,38.9,43.2,62.5,75.8,51.0,96.5,75.5,76.3,92.0,86.8,78.7,70.3,46.6,6.1,73.0,86.2,120.3,16.4,67.2,72.9,49.8,19.6,47.5,47.5,96.0,81.6,38.0,49.8,87.3,74.2,0.1,70.9,74.3,19.8,86.0,49.2,85.1,57.9,85.5,76.8,59.3,38.4,30.7,19.6,13.1,94.7,46.4,49.7,40.4,37.7,21.9,3.0,70.5,57.1,31.7,7.9,3.3,39.5,53.7,76.5,46.6,42.6,42.4,36.1,90.4,55.1,64.2,11.4,87.9,48.9,28.6,42.2,33.3,27.9,29.0,45.5,63.4,35.8,85.7,48.8,90.9,61.2,18.9,90.0,31.1,56.4,8.5,92.2,66.5,18.8,21.5,98.3,8.1,17.1,11.4,6.2,2.1,3.5,0.5,0.5,88.6,16.1,1.2,26.5,16.8,56.6,41.3,72.6,71.9,68.4,46.3,16.6,74.3,62.0,64.1,56.2,83.8,81.7,44.3,44.2,47.1,9.4,6.3,2016
84,Rangamati ,20,Chittagong,95,Rangamati,Rangamati,83.1,62.1,63.8,100,74.9,25.1,25.1,12.5,93.8,55.4,6.1,74.5,57.9,49.7,89.5,70.6,66.7,55.2,70.0,61.8,82.5,56.1,6.5,68.1,72.0,47.2,0.0,68.2,85.8,56.3,25.2,55.7,53.9,85.4,60.6,30.8,42.9,74.9,16.1,0.0,16.1,75.0,34.6,95.4,72.6,100.0,69.8,70.6,89.2,59.8,37.2,58.8,65.2,28.5,93.5,18.2,18.0,47.6,11.5,86.2,4.5,54.2,58.2,26.5,5.6,9.7,5.7,85.1,96.3,53.5,54.8,100.0,53.1,100.0,90.5,91.7,20.4,81.8,67.9,33.1,43.6,40.8,38.5,37.9,50.0,53.4,48.9,82.1,58.8,83.8,63.4,48.2,92.8,30.8,0.0,0.0,0.0,0.0,13.5,59.8,97.9,13.1,43.4,15.9,7.2,2.9,4.6,5.9,21.4,71.4,30.0,7.7,41.4,6.6,48.8,38.4,73.2,72.6,72.6,71.9,10.7,79.3,62.0,75.0,27.9,73.9,66.0,65.0,51.3,79.0,25.4,11.8,2016
85,Rangpur ,55,Rangpur,93,Rangpur,Rangpur,98.1,94.6,79.6,100,60.8,65.0,65.0,34.3,91.1,54.0,36.6,82.5,79.0,67.9,96.1,83.5,78.2,88.5,87.5,79.9,81.8,69.0,6.2,72.9,66.5,118.6,11.9,65.2,80.8,43.7,30.3,40.9,54.0,96.8,88.5,30.3,44.7,90.2,53.1,0.1,52.8,72.3,52.0,96.8,75.6,96.5,70.7,87.2,92.6,67.3,41.7,37.7,36.7,10.8,95.6,18.9,21.7,40.5,23.4,39.8,2.8,66.8,51.3,34.4,10.7,3.6,16.4,41.4,83.2,66.6,22.4,86.6,13.7,97.8,69.5,75.2,49.1,87.2,63.1,49.4,32.8,31.3,28.5,27.8,49.5,65.8,52.2,83.4,63.2,85.0,66.5,23.7,87.6,32.8,62.0,9.4,73.8,36.8,14.1,64.1,97.9,17.7,23.4,31.5,9.4,5.3,11.3,1.8,1.9,92.9,3.3,11.9,30.7,18.9,50.2,44.7,81.3,81.3,80.2,66.8,11.7,62.2,40.3,61.4,38.0,78.8,76.1,45.6,32.7,41.5,7.7,4.8,2016
87,Satkhira ,40,Khulna,94,Satkhira,Satkhira,99.2,93.2,74.0,100,58.4,45.4,45.4,41.3,94.4,54.9,36.0,82.8,68.1,57.7,98.1,77.1,84.3,93.2,89.3,86.2,77.6,61.4,6.7,76.5,81.6,118.1,21.4,61.5,82.0,52.0,24.3,57.1,45.2,90.7,84.7,20.3,24.1,85.6,51.6,0.0,48.0,93.5,49.5,97.9,85.3,98.6,69.9,96.0,95.5,74.7,42.4,49.4,33.6,17.2,94.8,12.1,16.3,57.5,25.5,19.6,2.9,68.9,70.6,18.8,5.3,5.3,40.7,53.4,85.5,59.0,43.0,65.9,24.9,96.0,59.9,72.4,47.0,84.4,25.0,29.5,33.0,31.5,26.5,25.9,41.9,55.2,43.3,85.8,24.2,89.5,49.9,29.6,91.5,22.5,46.9,7.7,91.8,63.6,7.3,65.8,89.3,27.9,21.3,12.6,3.9,2.8,12.6,5.6,5.6,61.6,1.4,0.4,31.9,11.7,53.7,32.7,63.9,63.4,60.1,36.9,12.7,77.3,68.2,71.3,54.9,79.9,65.6,50.2,40.5,62.6,9.1,9.9,2016
86,Shariatpur ,30,Dhaka,95,Shariatpur,Shariatpur,98.1,88.0,78.6,100,49.9,42.7,54.6,39.2,81.9,39.2,44.4,38.3,58.7,24.9,97.4,56.8,48.9,57.0,69.0,52.9,60.2,46.1,5.3,32.9,50.0,53.9,2.2,54.2,81.4,73.2,26.5,83.2,42.5,91.6,63.5,31.6,41.6,89.7,34.3,0.0,33.4,91.6,29.0,89.1,77.8,97.2,67.7,92.5,94.4,74.4,45.9,64.7,62.3,22.0,97.4,35.5,44.2,16.0,16.0,37.4,3.7,51.0,78.8,13.2,2.6,5.4,22.8,61.0,92.9,49.3,49.4,25.0,16.5,98.2,42.7,61.8,17.1,81.7,68.3,53.4,17.9,16.7,16.0,13.5,41.4,59.4,47.1,89.4,57.9,90.1,50.5,37.3,90.4,36.4,35.8,2.9,87.2,35.3,4.4,73.3,98.5,33.9,14.1,2.2,4.8,6.7,11.0,9.6,11.3,73.2,32.5,0.4,19.7,16.1,63.9,33.2,70.2,69.9,59.9,22.0,25.6,57.3,53.8,58.6,51.1,80.8,80.8,77.4,44.9,88.8,19.2,16.5,2016
89,Sherpur ,30,Dhaka,93,Sherpur,Sherpur,84.3,77.6,51.1,100,49.9,36.4,36.4,33.3,82.6,47.9,15.3,57.1,66.4,39.8,95.7,65.6,61.2,71.3,68.1,53.0,71.3,44.4,6.2,46.8,58.0,96.7,2.8,62.1,81.0,63.5,34.0,53.3,40.2,72.2,52.8,11.3,23.0,58.3,22.7,0.0,27.2,90.4,13.2,44.7,39.5,63.1,34.9,64.4,81.9,58.6,35.4,67.1,33.1,11.8,93.7,20.9,30.9,47.8,5.2,9.0,3.1,68.7,55.8,20.8,11.4,12.0,12.5,33.8,100.0,46.9,25.2,0.0,16.9,100.0,42.9,63.3,44.2,63.2,29.0,22.9,41.2,38.2,34.9,34.2,27.8,39.7,33.5,82.8,29.8,75.3,50.7,30.8,84.6,19.1,48.5,15.1,71.4,20.0,31.4,73.2,89.7,13.2,20.5,9.2,7.1,6.0,15.6,0.0,0.0,84.0,0.4,1.2,45.0,26.2,27.7,17.2,32.9,32.9,25.5,20.2,4.4,54.9,34.0,39.0,36.3,61.6,58.2,40.0,39.1,72.2,9.4,6.8,2016
88,Sirajganj ,50,Rajshahi,95,Sirajganj,Sirajganj,95.9,91.6,44.1,100,31.9,43.0,43.9,23.6,88.4,30.1,52.9,69.3,73.0,54.3,87.8,65.0,50.5,59.7,66.7,41.8,77.6,36.6,5.9,50.9,69.4,77.2,13.2,45.6,58.8,47.1,17.4,42.5,34.2,92.5,46.4,15.9,24.7,90.1,23.7,0.0,23.6,74.1,29.3,96.9,89.9,94.8,67.4,91.5,84.9,77.2,37.2,16.4,32.3,13.3,89.6,22.0,31.6,44.5,25.0,54.7,4.2,75.3,65.3,25.5,3.6,5.6,24.1,21.9,65.8,39.4,15.1,33.9,15.5,94.8,55.2,59.7,12.6,74.4,37.3,34.9,29.5,23.9,19.3,18.0,41.6,47.5,34.5,77.5,42.4,81.8,50.5,19.8,86.3,32.2,56.0,8.4,76.6,63.5,22.7,69.0,94.2,7.5,14.7,8.3,3.7,4.1,4.8,0.2,0.2,84.3,2.8,0.8,26.9,19.2,52.8,33.9,58.8,58.5,50.6,32.6,9.3,55.2,50.5,52.0,50.9,66.5,62.9,41.6,38.2,52.9,6.9,3.2,2016
90,Sunamganj ,60,Sylhet,95,Sunamganj,Sunamganj,93.1,96.4,81.9,100,61.0,26.3,26.3,35.6,77.3,52.8,16.9,76.2,74.3,60.5,89.4,83.2,68.4,70.4,87.4,79.6,78.2,61.0,6.3,62.2,65.8,47.0,1.5,64.4,82.9,67.0,44.5,57.3,48.6,88.0,78.5,26.7,33.1,88.2,26.1,0.3,26.6,90.2,61.8,91.4,85.7,92.8,61.1,88.0,93.4,78.8,50.2,66.3,54.6,30.3,87.6,17.4,17.8,61.4,37.0,68.9,4.4,78.0,80.5,9.3,4.3,6.0,21.5,61.8,93.6,51.2,50.7,53.6,44.2,98.5,57.0,71.4,46.8,66.8,47.2,24.1,52.4,51.7,50.8,50.0,34.5,46.0,45.7,85.7,45.4,82.6,54.6,47.1,89.7,38.8,14.0,5.0,71.9,61.0,10.3,63.0,95.1,20.6,45.3,15.8,7.7,8.9,21.8,13.5,14.3,69.2,11.2,1.9,46.0,9.0,43.7,27.3,63.5,62.6,53.6,42.1,2.7,58.5,34.4,61.9,43.7,68.7,62.5,58.5,62.5,60.6,17.4,22.2,2016
91,Sylhet ,60,Sylhet,92,Sylhet,Sylhet,96.3,96.1,81.8,100,62.3,61.2,61.3,31.4,88.7,63.6,18.1,61.7,79.5,49.4,96.8,78.0,69.4,74.5,78.0,73.3,73.1,54.3,6.4,61.8,70.6,68.7,6.5,77.1,86.8,74.2,56.9,74.4,62.5,94.0,76.8,36.4,45.4,88.2,38.1,0.7,37.8,92.8,41.0,85.5,62.6,94.3,70.8,80.3,92.4,65.9,43.2,58.8,44.0,25.1,92.4,22.8,32.1,60.4,23.1,50.7,4.6,69.1,62.8,21.4,8.7,7.0,23.6,54.7,88.5,65.1,44.0,88.4,22.0,97.9,64.5,72.7,19.8,70.0,60.4,24.2,50.5,49.8,48.1,47.0,38.9,53.5,41.8,84.1,51.6,82.4,55.4,34.2,85.6,27.6,26.1,5.2,64.8,75.1,14.2,55.7,96.2,14.8,28.7,17.3,8.9,5.4,8.1,22.1,22.1,79.5,33.5,6.2,30.5,13.5,54.8,46.0,65.3,64.7,58.7,52.2,12.3,57.4,52.6,53.6,48.0,73.8,70.6,53.4,47.7,62.7,14.5,9.2,2016
93,Tangail ,30,Dhaka,93,Tangail,Tangail,97.5,90.7,65.4,100,33.8,37.3,37.3,25.5,88.6,33.6,53.7,63.1,77.7,50.5,91.7,68.7,52.9,71.4,74.6,68.8,76.1,42.6,6.7,48.7,57.0,72.8,10.3,54.4,85.8,68.1,22.3,64.6,39.7,93.9,69.9,25.1,30.4,74.0,42.4,0.0,44.6,75.5,18.3,87.8,68.7,92.3,51.0,92.7,84.7,59.7,42.6,28.3,18.0,7.5,95.3,26.8,28.0,33.5,38.9,48.8,2.1,78.1,48.3,34.3,2.1,15.2,21.1,30.5,80.0,41.0,17.8,38.6,15.3,90.0,53.5,62.3,20.4,89.3,49.9,33.1,30.0,25.7,25.7,26.0,32.2,43.1,30.0,78.5,37.1,84.9,55.3,14.6,89.6,32.6,60.8,5.0,85.2,44.3,12.4,43.6,94.6,7.7,11.0,6.8,3.1,1.9,4.2,1.8,1.9,91.0,4.8,0.4,24.7,12.7,61.2,47.6,60.1,60.1,58.4,30.6,15.5,57.6,40.7,54.1,49.6,64.7,57.8,46.6,26.8,49.8,3.7,3.6,2016
94,Thakurgaon ,55,Rangpur,95,Thakurgaon,Thakurgaon,98.5,96.0,70.7,100,48.6,67.2,67.2,13.6,93.6,37.4,32.0,73.9,70.5,60.4,98.4,78.7,64.1,79.5,75.3,63.3,79.4,51.6,6.4,75.5,83.7,34.9,2.2,79.9,80.2,46.2,33.5,42.9,57.6,93.9,85.7,42.4,45.9,72.9,49.9,0.0,52.5,85.4,29.0,96.5,76.5,97.1,75.6,89.6,88.2,83.8,47.1,42.6,36.7,22.0,94.2,24.2,22.9,48.2,29.4,17.3,1.4,80.1,47.5,43.1,5.8,3.7,13.8,34.4,93.9,81.4,28.6,100.0,22.5,96.9,68.3,80.3,40.3,80.7,62.9,14.4,68.9,63.9,59.7,60.5,47.9,62.9,43.0,90.8,50.0,91.1,67.9,29.1,93.1,25.5,50.2,13.7,83.6,49.1,11.3,33.5,96.5,19.2,39.0,21.9,10.9,11.4,15.2,0.2,0.7,82.4,30.8,17.8,39.8,10.7,49.3,41.5,83.8,82.7,79.6,71.1,9.1,64.6,45.4,62.4,42.2,87.0,83.8,62.7,51.9,56.0,11.0,3.8,2016
